Cell	20081128_sulston	20190417_ref-2_JIM529_L2	20181207_JIM529_L4	20181030_JIM529_L2	20181101_JIM529_L4	20190321_ref-2_JIM529_L2	20190423_ref-2_JIM529_L2	20190417_ref-2_JIM529_L8	20190417_ref-2_JIM529_L7
AB	NA	NA	NA	NA	13.5	NA	NA	NA	NA
ABa	16	NA	NA	NA	13.6	13.3	NA	NA	NA
ABal	17	0	11.9	NA	14.9	13.4	NA	NA	6.3
ABala	21	14.9	18	14.2	16.4	16.8	16.9	16.1	19.4
ABalaa	29	25.7	24.4	22.1	26.5	25.1	27.2	26.3	25.9
ABalaaa	28	32.1	31.6	27.5	31.1	34.5	32.2	30.3	32.4
ABalaaaa	38	42.8	42.9	41.3	44.1	45.3	48.4	42.2	42.7
ABalaaaal	67	49.7	48.4	49.7	45.9	49.3	46.6	48.7	50.1
ABalaaaala	84	94.4	NA	90.3	89.6	89.4	87.1	85.2	NA
ABalaaaalal	NA	NA	NA	NA	NA	NA	NA	NA	NA
ABalaaaalar	NA	NA	NA	NA	NA	NA	NA	NA	NA
ABalaaaalp	129	81.9	NA	87.7	NA	84.6	85.3	85.2	NA
ABalaaaalpa	NA	NA	NA	NA	NA	NA	NA	NA	NA
ABalaaaalpp	NA	NA	NA	NA	NA	NA	NA	NA	NA
ABalaaaar	67	49.7	54	52	49.8	49.3	49.9	50.7	52.2
ABalaaaarl	74	71.5	NA	78	75.6	74.8	75.5	75.4	NA
ABalaaaarla	NA	NA	NA	NA	NA	NA	NA	NA	NA
ABalaaaarlp	NA	NA	NA	NA	NA	NA	NA	NA	NA
ABalaaaarr	74	75.5	NA	70.7	74.2	79.7	73.9	75.4	NA
ABalaaaarra	NA	NA	NA	NA	NA	NA	NA	NA	NA
ABalaaaarrp	NA	NA	NA	NA	NA	NA	NA	NA	NA
ABalaaap	38	38.4	38.7	38.8	40.2	40.4	38.4	38.2	38.6
ABalaaapa	57	47.7	47.1	48.5	47.3	47.8	50	48.9	46
ABalaaapal	54	71.5	NA	80.4	75.5	71.6	69.1	69.4	NA
ABalaaapall	NA	NA	NA	NA	NA	NA	NA	NA	NA
ABalaaapalr	NA	NA	NA	NA	NA	NA	NA	NA	NA
ABalaaapar	64	96.6	NA	97.5	NA	107.3	93.8	91.1	NA
ABalaaaparl	NA	NA	NA	NA	NA	NA	NA	NA	NA
ABalaaaparr	NA	NA	NA	NA	NA	NA	NA	NA	NA
ABalaaapp	57	45.7	47.1	49.7	44.6	46.1	50	46.9	46
ABalaaappl	64	81.9	NA	92.8	92.3	86.1	87.2	85.2	NA
ABalaaappll	NA	NA	NA	NA	NA	NA	NA	NA	NA
ABalaaapplr	NA	NA	NA	NA	NA	NA	NA	NA	NA
ABalaaappr	54	67.3	NA	69.5	67.9	68.3	67.5	71.3	NA
ABalaaapprl	NA	NA	NA	NA	NA	NA	NA	NA	NA
ABalaaapprr	NA	NA	NA	NA	NA	NA	NA	NA	NA
ABalaap	28	32.1	31.6	27.5	39	34.5	32.2	32.4	32.4
ABalaapa	38	42.8	47.3	45.1	41.3	43.6	43.4	44.1	40.6
ABalaapaa	67	51.8	53.9	53.2	52.3	54.3	54.8	52.7	54.4
ABalaapaaa	84	98.7	NA	97.5	NA	102.4	90.3	110.7	NA
ABalaapaaal	NA	NA	NA	NA	NA	NA	NA	NA	NA
ABalaapaaar	NA	NA	NA	NA	NA	NA	NA	NA	NA
ABalaapaap	79	82	NA	83	NA	82.9	80.4	85.2	NA
ABalaapaapa	NA	NA	NA	NA	NA	NA	NA	NA	NA
ABalaapaapp	NA	NA	NA	NA	NA	NA	NA	NA	NA
ABalaapap	67	53.8	53.9	53.2	49.7	51	53.2	52.7	52.2
ABalaapapa	NA	NA	NA	NA	NA	NA	NA	NA	NA
ABalaapapp	54	67.4	NA	68.2	71.7	68.3	64.1	67.5	NA
ABalaapappa	NA	NA	NA	NA	NA	NA	NA	NA	NA
ABalaapappp	NA	NA	NA	NA	NA	NA	NA	NA	NA
ABalaapp	38	36.2	38.7	35.1	34.9	38.8	35.1	36.3	36.5
ABalaappa	67	54	51.3	51	49.7	49.3	53.3	52.7	54.2
ABalaappaa	NA	NA	NA	NA	NA	NA	NA	NA	NA
ABalaappap	54	69.4	NA	75.4	72.9	78	72.4	73.4	NA
ABalaappapa	NA	NA	NA	NA	NA	NA	NA	NA	NA
ABalaappapp	NA	NA	NA	NA	NA	NA	NA	NA	NA
ABalaappp	52	45.7	44.3	48.5	43.2	44.4	46.6	44.9	45.9
ABalaapppa	89	88	NA	107.2	89.6	92.7	84	87.1	NA
ABalaapppaa	NA	NA	NA	NA	NA	NA	NA	NA	NA
ABalaapppap	NA	NA	NA	NA	NA	NA	NA	NA	NA
ABalaapppp	64	65	NA	69.4	65.2	63.4	62.6	65.4	NA
ABalaappppa	119	NA	NA	NA	NA	NA	NA	NA	NA
ABalaappppaa	NA	NA	NA	NA	NA	NA	NA	NA	NA
ABalaappppap	NA	NA	NA	NA	NA	NA	NA	NA	NA
ABalaappppp	NA	NA	NA	NA	NA	NA	NA	NA	NA
ABalap	29	25.7	24.4	22.1	26.5	25.1	27.2	26.3	25.9
ABalapa	28	30	28.7	27.5	31.1	32.9	30.6	28.3	30.1
ABalapaa	38	42.6	42.9	41.3	47.8	42.1	43.5	42.3	42.7
ABalapaaa	47	53.9	52.7	55.7	49.8	52.7	53.3	52.7	52.2
ABalapaaaa	119	104.9	NA	117	NA	NA	96.9	110.7	NA
ABalapaaaaa	NA	NA	NA	NA	NA	NA	NA	NA	NA
ABalapaaaap	NA	NA	NA	NA	NA	NA	NA	NA	NA
ABalapaaap	69	67.4	NA	73.1	75.6	66.7	68.9	65.4	NA
ABalapaaapa	NA	NA	NA	NA	NA	NA	NA	NA	NA
ABalapaaapp	NA	NA	NA	NA	NA	NA	NA	NA	NA
ABalapaap	48	47.6	47	49.7	44.6	46.1	49.9	46.9	48
ABalapaapa	98	90.3	NA	101.1	87.1	81.3	93.6	NA	NA
ABalapaapaa	NA	NA	NA	NA	NA	NA	NA	NA	NA
ABalapaapap	NA	NA	NA	NA	NA	NA	NA	NA	NA
ABalapaapp	63	65.2	NA	64.5	64	61.8	65.7	NA	NA
ABalapaappa	109	NA	NA	NA	NA	NA	NA	NA	NA
ABalapaappaa	NA	NA	NA	NA	NA	NA	NA	NA	NA
ABalapaappap	NA	NA	NA	NA	NA	NA	NA	NA	NA
ABalapaappp	NA	NA	NA	NA	NA	NA	NA	NA	NA
ABalapap	38	38.3	40	35.1	38.9	38.8	38.5	36.3	36.5
ABalapapa	48	49.8	54.1	52.2	54.9	51	54.8	52.9	56.3
ABalapapaa	NA	NA	NA	NA	NA	NA	NA	NA	NA
ABalapapap	63	65.2	NA	63.4	67.8	63.3	57.6	61.6	NA
ABalapapapa	119	NA	NA	NA	NA	NA	NA	NA	NA
ABalapapapaa	NA	NA	NA	NA	NA	NA	NA	NA	NA
ABalapapapap	NA	NA	NA	NA	NA	NA	NA	NA	NA
ABalapapapp	NA	NA	NA	NA	NA	NA	NA	NA	NA
ABalapapp	42	47.8	45.7	46.1	47.1	46	48.3	45	48
ABalapappa	64	56.9	NA	53.5	57.5	57	54.3	57.5	NA
ABalapappaa	114	NA	NA	NA	NA	NA	NA	NA	NA
ABalapappaaa	NA	NA	NA	NA	NA	NA	NA	NA	NA
ABalapappaap	NA	NA	NA	NA	NA	NA	NA	NA	NA
ABalapappap	NA	NA	NA	NA	NA	NA	NA	NA	NA
ABalapappp	74	69.4	NA	71.8	72.8	69.9	70.7	69.4	NA
ABalapapppa	NA	NA	NA	NA	NA	NA	NA	NA	NA
ABalapapppp	NA	NA	NA	NA	NA	NA	NA	NA	NA
ABalapp	28	30	28.7	27.5	29.8	31.3	30.6	30.3	30.1
ABalappa	38	40.5	42.9	40	42.8	45.3	41.8	38.2	44.9
ABalappaa	67	58.1	58.3	61.8	57.4	62.4	59.9	56.7	58.5
ABalappaaa	NA	NA	NA	NA	NA	NA	NA	NA	NA
ABalappaap	99	NA	NA	82.9	NA	86.1	78.6	95	NA
ABalappaapa	NA	NA	NA	NA	NA	NA	NA	NA	NA
ABalappaapp	NA	NA	NA	NA	NA	NA	NA	NA	NA
ABalappap	52	47.7	47	46	46.1	44.5	48.3	44.9	43.7
ABalappapa	104	98.6	NA	102.4	NA	100.8	103.6	98.9	NA
ABalappapaa	NA	NA	NA	NA	NA	NA	NA	NA	NA
ABalappapap	NA	NA	NA	NA	NA	NA	NA	NA	NA
ABalappapp	64	69.4	NA	64.5	65.2	63.4	64.2	65.4	NA
ABalappappa	NA	NA	NA	NA	NA	NA	NA	NA	NA
ABalappappp	NA	NA	NA	NA	NA	NA	NA	NA	NA
ABalappp	38	36.2	35.8	31.3	37.7	35.6	35.2	34.2	34.4
ABalapppa	48	41.8	47.2	46.1	48.4	46.1	48.2	47	45.9
ABalapppaa	83	77.5	NA	81.6	75.6	70	79.1	77.2	NA
ABalapppaaa	NA	NA	NA	NA	NA	NA	NA	NA	NA
ABalapppaap	NA	NA	NA	NA	NA	NA	NA	NA	NA
ABalapppap	63	62.9	NA	65.7	61.4	60.2	64.3	61.5	NA
ABalapppapa	119	NA	NA	NA	NA	NA	NA	NA	NA
ABalapppapaa	NA	NA	NA	NA	NA	NA	NA	NA	NA
ABalapppapap	NA	NA	NA	NA	NA	NA	NA	NA	NA
ABalapppapp	NA	NA	NA	NA	NA	NA	NA	NA	NA
ABalapppp	42	43.9	45.7	46.1	44.6	44.5	46.6	43.1	45.9
ABalappppa	64	56	NA	58.3	54.9	56.9	56.1	55.6	NA
ABalappppaa	114	NA	NA	NA	NA	NA	NA	NA	NA
ABalappppaaa	NA	NA	NA	NA	NA	NA	NA	NA	NA
ABalappppaap	NA	NA	NA	NA	NA	NA	NA	NA	NA
ABalappppap	NA	NA	NA	NA	NA	NA	NA	NA	NA
ABalappppp	74	73.4	NA	71.8	70.4	68.3	74.1	67.4	NA
ABalapppppa	NA	NA	NA	NA	NA	NA	NA	NA	NA
ABalapppppp	NA	NA	NA	NA	NA	NA	NA	NA	NA
ABalp	21	14.9	18	14.2	17.9	16.8	16.9	16.1	17.3
ABalpa	29	25.7	24.4	20.8	25.2	25.1	25.5	24.2	28.1
ABalpaa	28	30	28.7	28.8	28.5	29.7	30.7	30.3	30.1
ABalpaaa	38	44.9	50.1	47.5	49.2	50.2	48.5	46.3	42.7
ABalpaaaa	62	60.1	58	62.8	56.2	54.3	53.2	58.7	64.8
ABalpaaaaa	84	77.8	NA	78	NA	73.1	70.6	69.4	NA
ABalpaaaaaa	NA	NA	NA	NA	NA	NA	NA	NA	NA
ABalpaaaaap	NA	NA	NA	NA	NA	NA	NA	NA	NA
ABalpaaaap	84	86.1	NA	91.4	NA	97.5	82	89.1	NA
ABalpaaaapa	NA	NA	NA	NA	NA	NA	NA	NA	NA
ABalpaaaapp	NA	NA	NA	NA	NA	NA	NA	NA	NA
ABalpaaap	62	55.9	60.8	60.4	51.1	51	51.5	54.7	56.3
ABalpaaapa	109	75.7	NA	91.5	74.3	73.2	77.2	77.3	NA
ABalpaaapaa	NA	NA	NA	NA	NA	NA	NA	NA	NA
ABalpaaapap	NA	NA	NA	NA	NA	NA	NA	NA	NA
ABalpaaapp	104	82	NA	81.6	78.2	74.7	75.5	79.3	NA
ABalpaaappa	NA	NA	NA	NA	NA	NA	NA	NA	NA
ABalpaaappp	NA	NA	NA	NA	NA	NA	NA	NA	NA
ABalpaap	38	36.2	37.2	36.3	37.8	37.2	35.2	34.2	34.4
ABalpaapa	48	45.9	45.8	48.5	47.3	47.7	48.2	51	43.7
ABalpaapaa	78	75.5	NA	70.6	74.2	78.1	70.9	67.4	NA
ABalpaapaaa	NA	NA	NA	NA	NA	NA	NA	NA	NA
ABalpaapaap	NA	NA	NA	NA	NA	NA	NA	NA	NA
ABalpaapap	58	53.9	NA	54.8	51.1	48.8	51.2	51.7	NA
ABalpaapapa	NA	NA	NA	NA	NA	NA	NA	NA	NA
ABalpaapapp	NA	NA	NA	NA	NA	NA	NA	NA	NA
ABalpaapp	57	54.1	58.5	54.7	56.2	54.3	58.1	54.9	50.1
ABalpaappa	74	79.8	NA	88.9	84.6	76.4	82.3	81.3	NA
ABalpaappaa	NA	NA	NA	NA	NA	NA	NA	NA	NA
ABalpaappap	NA	NA	NA	NA	NA	NA	NA	NA	NA
ABalpaappp	64	71.5	NA	67	73	66.6	67.5	67.4	NA
ABalpaapppa	NA	NA	NA	NA	NA	NA	NA	NA	NA
ABalpaapppp	NA	NA	NA	NA	NA	NA	NA	NA	NA
ABalpap	28	30	30.2	27.4	28.5	29.7	30.7	30.3	28
ABalpapa	38	36.2	38.6	36.3	40.3	38.8	36.9	36.3	38.8
ABalpapaa	52	48	51.4	49.8	48.4	49.3	49.9	51	50.1
ABalpapaaa	59	67.1	NA	65.8	67.7	66.7	60.9	69.3	NA
ABalpapaaaa	NA	NA	NA	NA	NA	NA	NA	NA	NA
ABalpapaaap	NA	NA	NA	NA	NA	NA	NA	NA	NA
ABalpapaap	84	77.6	NA	80.5	80.5	NA	82.3	83.2	NA
ABalpapaapa	NA	NA	NA	NA	NA	NA	NA	NA	NA
ABalpapaapp	NA	NA	NA	NA	NA	NA	NA	NA	NA
ABalpapap	52	48	47.2	48.5	47.2	49.3	46.6	49	50.1
ABalpapapa	59	67.1	NA	65.7	69.1	63.4	62.6	69.4	NA
ABalpapapaa	NA	NA	NA	NA	NA	NA	NA	NA	NA
ABalpapapap	104	NA	NA	NA	NA	NA	NA	NA	NA
ABalpapapapa	NA	NA	NA	NA	NA	NA	NA	NA	NA
ABalpapapapp	NA	NA	NA	NA	NA	NA	NA	NA	NA
ABalpapapp	79	81.9	NA	77.8	80.7	81.3	80.7	79.2	NA
ABalpapappa	NA	NA	NA	NA	NA	NA	NA	NA	NA
ABalpapappp	NA	NA	NA	NA	NA	NA	NA	NA	NA
ABalpapp	38	32	32.9	32.5	35.2	32.3	33.6	32.2	34.4
ABalpappa	42	43.9	42.9	43.7	42.2	46	43.1	43.3	41.7
ABalpappaa	84	73.3	NA	79.2	75.5	71.6	76	75.2	NA
ABalpappaaa	NA	NA	NA	NA	NA	NA	NA	NA	NA
ABalpappaap	89	NA	NA	NA	NA	NA	NA	NA	NA
ABalpappaapa	NA	NA	NA	NA	NA	NA	NA	NA	NA
ABalpappaapp	NA	NA	NA	NA	NA	NA	NA	NA	NA
ABalpappap	54	56	NA	56	55	57	57.9	55.5	NA
ABalpappapa	NA	NA	NA	NA	NA	NA	NA	NA	NA
ABalpappapp	NA	NA	NA	NA	NA	NA	NA	NA	NA
ABalpappp	39	46	44.4	43.7	42.2	44.4	43.1	41.4	43.9
ABalpapppa	107	100.5	NA	102.4	NA	99.2	98.9	110.7	NA
ABalpapppaa	NA	NA	NA	NA	NA	NA	NA	NA	NA
ABalpapppap	NA	NA	NA	NA	NA	NA	NA	NA	NA
ABalpapppp	47	49.7	NA	51.2	48.5	53.7	51.4	51	NA
ABalpappppa	NA	NA	NA	NA	NA	NA	NA	NA	NA
ABalpappppp	NA	NA	NA	NA	NA	NA	NA	NA	NA
ABalpp	29	27.9	24.4	22.1	23.8	25.1	25.5	26.3	30.4
ABalppa	28	27.9	30.2	27.5	31.1	31.3	32.3	30.3	30.3
ABalppaa	38	42.6	47.2	42.5	45.4	45.3	43.5	46.1	44.9
ABalppaaa	62	53.9	51.1	55.7	53.5	54.3	53.3	54.7	58.5
ABalppaaaa	NA	NA	NA	NA	NA	NA	NA	NA	NA
ABalppaaap	64	71.5	NA	85.3	73	71.6	67.4	69.5	NA
ABalppaaapa	NA	NA	NA	NA	NA	NA	NA	NA	NA
ABalppaaapp	NA	NA	NA	NA	NA	NA	NA	NA	NA
ABalppaap	57	49.7	49.8	52	47.2	51.1	54.9	48.9	50.1
ABalppaapa	NA	NA	NA	NA	NA	NA	NA	NA	NA
ABalppaapp	74	73.6	NA	76.9	80.7	71.6	69	65.4	NA
ABalppaappa	NA	NA	NA	NA	NA	NA	NA	NA	NA
ABalppaappp	NA	NA	NA	NA	NA	NA	NA	NA	NA
ABalppap	38	36.2	35.8	33.8	37.7	40.4	36.9	36.1	38.6
ABalppapa	47	45.9	48.6	47.4	46	46	46.6	44.9	48
ABalppapaa	79	75.5	NA	86.4	92.1	76.5	82.3	81.2	NA
ABalppapaaa	NA	NA	NA	NA	NA	NA	NA	NA	NA
ABalppapaap	NA	NA	NA	NA	NA	NA	NA	NA	NA
ABalppapap	74	67.1	NA	76.7	76.7	71.6	75.8	71.4	NA
ABalppapapa	NA	NA	NA	NA	NA	NA	NA	NA	NA
ABalppapapp	NA	NA	NA	NA	NA	NA	NA	NA	NA
ABalppapp	42	43.9	44.4	42.4	43.3	46	44.9	42.9	43.9
ABalppappa	74	71.3	NA	79.2	75.5	76.5	72.4	73.4	NA
ABalppappaa	NA	NA	NA	NA	NA	NA	NA	NA	NA
ABalppappap	NA	NA	NA	NA	NA	NA	NA	NA	NA
ABalppappp	69	63	NA	68.3	67.8	61.8	64.3	65.4	NA
ABalppapppa	124	NA	NA	NA	NA	NA	NA	NA	NA
ABalppapppaa	NA	NA	NA	NA	NA	NA	NA	NA	NA
ABalppapppap	NA	NA	NA	NA	NA	NA	NA	NA	NA
ABalppapppp	NA	NA	NA	NA	NA	NA	NA	NA	NA
ABalppp	28	27.9	27.1	26.1	29.9	29.7	30.7	28.3	28
ABalpppa	38	36.2	37.2	35.1	36.4	38.8	35.2	36.3	38.6
ABalpppaa	62	54.1	52.8	53.5	53.6	52.6	51.5	51	52.1
ABalpppaaa	79	84	NA	90.2	88.4	78	77.3	81.2	NA
ABalpppaaaa	NA	NA	NA	NA	NA	NA	NA	NA	NA
ABalpppaaap	NA	NA	NA	NA	NA	NA	NA	NA	NA
ABalpppaap	89	81.9	NA	101.2	90.8	83	88.8	91	NA
ABalpppaapd	NA	NA	NA	NA	NA	NA	NA	NA	NA
ABalpppaapv	NA	NA	NA	NA	NA	NA	NA	NA	NA
ABalpppap	52	43.9	45.7	45	48.5	46	44.9	45	43.7
ABalpppapa	74	81.9	NA	79.1	78	73.2	72.6	75.2	NA
ABalpppapad	NA	NA	NA	NA	NA	NA	NA	NA	NA
ABalpppapav	NA	NA	NA	NA	NA	NA	NA	NA	NA
ABalpppapp	59	65.2	NA	68.1	65.2	65.1	62.6	65.4	NA
ABalpppappa	NA	NA	NA	NA	NA	NA	NA	NA	NA
ABalpppappp	94	NA	NA	NA	NA	NA	77	NA	NA
ABalpppapppa	NA	NA	NA	NA	NA	NA	NA	NA	NA
ABalpppapppp	NA	NA	NA	NA	NA	NA	NA	NA	NA
ABalpppp	38	32	34.3	30	34	35.6	33.6	32.2	34.4
ABalppppa	48	48.1	45.8	47.4	46	46	48.2	49.1	45.9
ABalppppaa	68	73.4	NA	81.7	72.9	74.7	77.4	73.4	NA
ABalppppaad	NA	NA	NA	NA	NA	NA	NA	NA	NA
ABalppppaav	NA	NA	NA	NA	NA	NA	NA	NA	NA
ABalppppap	78	69.2	NA	70.8	66.6	66.6	64.3	71.4	NA
ABalppppapa	109	NA	NA	NA	NA	NA	NA	NA	NA
ABalppppapaa	NA	NA	NA	NA	NA	NA	NA	NA	NA
ABalppppapap	NA	NA	NA	NA	NA	NA	NA	NA	NA
ABalppppapp	NA	NA	NA	NA	NA	NA	NA	NA	NA
ABalppppp	42	39.8	40.1	39.9	40.8	42.8	43.1	41.4	39.6
ABalpppppa	64	69.2	NA	72.1	71.7	69.9	71	73.3	NA
ABalpppppaa	NA	NA	NA	NA	NA	NA	NA	NA	NA
ABalpppppap	NA	NA	NA	NA	NA	NA	NA	NA	NA
ABalpppppp	44	47.7	NA	51.4	48.5	52	53.1	49	NA
ABalppppppa	89	84.1	NA	86.6	NA	NA	86.9	83.3	NA
ABalppppppaa	NA	NA	NA	NA	NA	NA	NA	NA	NA
ABalppppppap	NA	NA	NA	NA	NA	NA	NA	NA	NA
ABalppppppp	89	71.6	NA	74.3	NA	NA	75.4	69.5	NA
ABalpppppppa	NA	NA	NA	NA	NA	NA	NA	NA	NA
ABalpppppppp	NA	NA	NA	NA	NA	NA	NA	NA	NA
ABar	17	0	11.9	NA	14.9	13.4	NA	NA	6.3
ABara	21	14.9	18	14.2	16.4	16.8	16.9	14	17.3
ABaraa	29	25.7	24.4	22.1	23.8	25.1	25.5	26.2	28.1
ABaraaa	28	32.1	31.6	30.1	31.2	29.7	30.7	32.3	30.1
ABaraaaa	38	44.9	50.1	47.5	54.4	51.8	48.5	48	47
ABaraaaaa	67	80.7	NA	75	66.5	75.5	68.2	78.2	68.9
ABaraaaaaa	84	NA	NA	NA	NA	NA	81.9	NA	NA
ABaraaaaaaa	NA	NA	NA	NA	NA	NA	NA	NA	NA
ABaraaaaaap	NA	NA	NA	NA	NA	NA	NA	NA	NA
ABaraaaaap	89	NA	NA	91.5	NA	NA	85.3	NA	NA
ABaraaaaapa	NA	NA	NA	NA	NA	NA	NA	NA	NA
ABaraaaaapp	NA	NA	NA	NA	NA	NA	NA	NA	NA
ABaraaaap	72	66.3	NA	71.3	75.5	77.1	73.1	70.3	66.8
ABaraaaapa	79	NA	NA	95.1	NA	NA	95	NA	NA
ABaraaaapaa	NA	NA	NA	NA	NA	NA	NA	NA	NA
ABaraaaapap	NA	NA	NA	NA	NA	NA	NA	NA	NA
ABaraaaapp	NA	NA	NA	NA	NA	NA	NA	NA	NA
ABaraaap	38	36.2	37.2	38.7	37.8	40.4	38.5	36.1	36.5
ABaraaapa	48	51.9	55.6	49.7	65.1	54.3	50	50.8	50.1
ABaraaapaa	73	81.9	NA	81.6	78	76.4	72.3	65.6	NA
ABaraaapaaa	NA	NA	NA	NA	NA	NA	NA	NA	NA
ABaraaapaap	NA	NA	NA	NA	NA	NA	NA	NA	NA
ABaraaapap	58	60.9	NA	64.5	72.9	55.2	64.2	61.6	NA
ABaraaapapa	NA	NA	NA	NA	NA	NA	NA	NA	NA
ABaraaapapp	NA	NA	NA	NA	NA	NA	NA	NA	NA
ABaraaapp	59	60.2	56.9	60.6	62.6	64	56.5	56.7	50.1
ABaraaappa	72	77.8	NA	80.5	NA	86.1	82.1	73.4	NA
ABaraaappaa	NA	NA	NA	NA	NA	NA	NA	NA	NA
ABaraaappap	NA	NA	NA	NA	NA	NA	NA	NA	NA
ABaraaappp	67	71.5	NA	NA	78.2	69.9	70.7	77.3	NA
ABaraaapppa	NA	NA	NA	NA	NA	NA	NA	NA	NA
ABaraaapppp	NA	NA	NA	NA	NA	NA	NA	NA	NA
ABaraap	28	27.8	30.2	27.5	29.9	29.7	30.7	30.3	30.1
ABaraapa	38	38.3	38.6	36.3	39	38.8	38.5	34.2	36.5
ABaraapaa	57	48	49.9	48.5	47.3	46	46.6	45.1	45.9
ABaraapaaa	69	75.5	NA	76.7	78	83	80.7	75.4	NA
ABaraapaaaa	NA	NA	NA	NA	NA	NA	NA	NA	NA
ABaraapaaap	NA	NA	NA	NA	NA	NA	NA	NA	NA
ABaraapaap	54	63	NA	64.5	62.7	71.6	62.6	65.4	NA
ABaraapaapa	NA	NA	NA	NA	NA	NA	NA	NA	NA
ABaraapaapp	NA	NA	NA	NA	NA	NA	NA	NA	NA
ABaraapap	57	45.9	45.7	44.9	47.3	44.5	43.2	43.1	43.7
ABaraapapa	49	53.9	NA	53.5	53.6	53.7	52.8	53.5	NA
ABaraapapaa	129	NA	NA	NA	NA	NA	NA	NA	NA
ABaraapapaad	NA	NA	NA	NA	NA	NA	NA	NA	NA
ABaraapapaav	NA	NA	NA	NA	NA	NA	NA	NA	NA
ABaraapapap	NA	NA	NA	NA	NA	NA	NA	NA	NA
ABaraapapp	94	81.9	NA	96.2	92.1	94.4	92.2	79.1	NA
ABaraapappa	NA	NA	NA	NA	NA	NA	NA	NA	NA
ABaraapappp	NA	NA	NA	NA	NA	NA	NA	NA	NA
ABaraapp	38	36.2	34.3	33.8	37.7	37.2	35.2	34.2	32.1
ABaraappa	57	46	48.6	47.4	45.9	46.1	46.6	45.1	43.9
ABaraappaa	74	84	NA	91.3	78	81.4	82.4	79.2	NA
ABaraappaaa	NA	NA	NA	NA	NA	NA	NA	NA	NA
ABaraappaap	NA	NA	NA	NA	NA	NA	NA	NA	NA
ABaraappap	54	60.9	NA	62	60.1	63.4	65.9	61.5	NA
ABaraappapa	NA	NA	NA	NA	NA	NA	NA	NA	NA
ABaraappapp	NA	NA	NA	NA	NA	NA	NA	NA	NA
ABaraappp	57	48	45.7	46.2	44.6	44.5	46.6	43.1	43.9
ABaraapppa	49	47.7	NA	52.3	47.4	53.7	52.8	48.9	NA
ABaraapppaa	129	NA	NA	NA	NA	NA	NA	NA	NA
ABaraapppaad	NA	NA	NA	NA	NA	NA	NA	NA	NA
ABaraapppaav	NA	NA	NA	NA	NA	NA	NA	NA	NA
ABaraapppap	NA	NA	NA	NA	NA	NA	NA	NA	NA
ABaraapppp	89	79.8	NA	95.1	93.5	91.1	80.7	81.1	NA
ABaraappppa	NA	NA	NA	NA	NA	NA	NA	NA	NA
ABaraappppp	NA	NA	NA	NA	NA	NA	NA	NA	NA
ABarap	29	27.9	24.4	22.1	25.2	25.1	25.5	26.2	28.1
ABarapa	28	27.9	31.6	27.5	31.1	31.3	28.9	30.3	30.1
ABarapaa	38	40.5	40.1	36.3	41.6	42.1	40.2	36.3	38.6
ABarapaaa	62	56.1	54	58.2	52.3	54.3	54.8	52.9	54.2
ABarapaaaa	84	86.2	NA	84.1	84.5	79.7	75.8	77.3	NA
ABarapaaaaa	NA	NA	NA	NA	NA	NA	NA	NA	NA
ABarapaaaap	NA	NA	NA	NA	NA	NA	NA	NA	NA
ABarapaaap	89	84.1	NA	92.8	87.1	89.4	80.6	87.1	NA
ABarapaaapa	NA	NA	NA	NA	NA	NA	NA	NA	NA
ABarapaaapp	NA	NA	NA	NA	NA	NA	NA	NA	NA
ABarapaap	57	45.7	45.6	47.3	47.3	46	44.9	45	48
ABarapaapa	109	88.2	NA	95	92.2	91.1	90.5	91.1	NA
ABarapaapaa	NA	NA	NA	NA	NA	NA	NA	NA	NA
ABarapaapap	NA	NA	NA	NA	NA	NA	NA	NA	NA
ABarapaapp	54	59	NA	53.5	55	60.1	56.1	55.6	NA
ABarapaappa	NA	NA	NA	NA	NA	NA	NA	NA	NA
ABarapaappp	NA	NA	NA	NA	NA	NA	NA	NA	NA
ABarapap	38	36.2	35.8	32.5	35.1	34	35.2	34.2	34.4
ABarapapa	42	48	54.2	49.9	48.5	47.7	46.6	47	50.1
ABarapapaa	89	77.6	NA	76.8	79.3	76.5	146.4	75.2	NA
ABarapapaaa	NA	NA	NA	NA	NA	NA	NA	NA	NA
ABarapapaap	84	NA	NA	NA	NA	NA	NA	NA	NA
ABarapapaapa	NA	NA	NA	NA	NA	NA	NA	NA	NA
ABarapapaapp	NA	NA	NA	NA	NA	NA	NA	NA	NA
ABarapapap	64	65	NA	63.3	63.9	61.9	64.4	61.5	NA
ABarapapapa	NA	NA	NA	NA	NA	NA	NA	NA	NA
ABarapapapp	NA	NA	NA	NA	NA	NA	NA	NA	NA
ABarapapp	38	43.9	44.4	42.4	44.6	46	43.1	41.2	41.7
ABarapappa	108	106.8	NA	113.4	NA	108.9	100.5	102.8	NA
ABarapappaa	NA	NA	NA	NA	NA	NA	NA	NA	NA
ABarapappap	NA	NA	NA	NA	NA	NA	NA	NA	NA
ABarapappp	48	56	NA	51.2	51.2	50.4	56.3	49	NA
ABarapapppa	NA	NA	NA	NA	NA	NA	NA	NA	NA
ABarapapppp	NA	NA	NA	NA	NA	NA	NA	NA	NA
ABarapp	28	30	31.6	27.5	29.9	31.3	28.9	30.3	30.1
ABarappa	38	38.4	42.9	35.1	40.3	38.8	35.2	40.3	36.5
ABarappaa	57	51.9	52.7	51	49.9	52.6	51.5	50.7	50.1
ABarappaaa	74	71.5	NA	73.1	78	76.4	80.7	77.3	NA
ABarappaaaa	NA	NA	NA	NA	NA	NA	NA	NA	NA
ABarappaaap	NA	NA	NA	NA	NA	NA	NA	NA	NA
ABarappaap	84	79.8	NA	82.9	83.2	NA	77.4	87.1	NA
ABarappaapa	NA	NA	NA	NA	NA	NA	NA	NA	NA
ABarappaapp	NA	NA	NA	NA	NA	NA	NA	NA	NA
ABarappap	47	47.7	47.1	47.4	48.4	46	44.8	44.9	48
ABarappapa	74	69.4	NA	70.7	72.8	65.1	69.3	71.3	NA
ABarappapaa	NA	NA	NA	NA	NA	NA	NA	NA	NA
ABarappapap	109	NA	NA	NA	NA	NA	NA	NA	NA
ABarappapapa	NA	NA	NA	NA	NA	NA	NA	NA	NA
ABarappapapp	NA	NA	NA	NA	NA	NA	NA	NA	NA
ABarappapp	79	71.5	NA	84	79.3	76.5	77.4	77.2	NA
ABarappappa	NA	NA	NA	NA	NA	NA	NA	NA	NA
ABarappappp	NA	NA	NA	NA	NA	NA	NA	NA	NA
ABarappp	38	34.1	37.2	32.5	35.2	32.3	33.6	34.2	34.4
ABarapppa	48	45.9	49.9	47.5	46	47.7	46.4	45.1	50.1
ABarapppaa	73	79.8	NA	85.3	89.6	87.8	79.1	83.2	NA
ABarapppaaa	NA	NA	NA	NA	NA	NA	NA	NA	NA
ABarapppaap	NA	NA	NA	NA	NA	NA	NA	NA	NA
ABarapppap	73	73.4	NA	82.9	76.8	71.6	72.4	71.4	NA
ABarapppapa	NA	NA	NA	NA	NA	NA	NA	NA	NA
ABarapppapp	NA	NA	NA	NA	NA	NA	NA	NA	NA
ABarapppp	47	45.9	47.2	44.9	44.7	46	44.8	43.1	43.7
ABarappppa	74	71.3	NA	76.7	81.8	71.6	72.7	75.2	NA
ABarappppaa	NA	NA	NA	NA	NA	NA	NA	NA	NA
ABarappppap	NA	NA	NA	NA	NA	NA	NA	NA	NA
ABarappppp	69	60.9	NA	68.1	67.8	63.4	64.4	65.3	NA
ABarapppppa	114	NA	NA	NA	NA	NA	NA	NA	NA
ABarapppppaa	NA	NA	NA	NA	NA	NA	NA	NA	NA
ABarapppppap	NA	NA	NA	NA	NA	NA	NA	NA	NA
ABarapppppp	NA	NA	NA	NA	NA	NA	NA	NA	NA
ABarp	21	14.9	16.5	14.2	16.4	16.8	16.9	14	17.3
ABarpa	29	25.7	25.8	22.1	26.5	25.1	27.2	28.3	28.1
ABarpaa	28	27.8	28.7	26.1	26	29.7	27.2	26.3	28
ABarpaaa	38	47	50.1	47.6	54.4	48.6	53.5	44.3	45
ABarpaaaa	67	58	60.8	56.9	51	59.2	53.3	48.7	54.4
ABarpaaaaa	79	88.2	NA	106.2	NA	96	88.5	81.3	NA
ABarpaaaaal	NA	NA	NA	NA	NA	NA	NA	NA	NA
ABarpaaaaar	NA	NA	NA	NA	NA	NA	NA	NA	NA
ABarpaaaap	79	86.1	NA	95.1	NA	92.7	83.6	79.3	NA
ABarpaaaapa	NA	NA	NA	NA	NA	NA	NA	NA	NA
ABarpaaaapp	NA	NA	NA	NA	NA	NA	NA	NA	NA
ABarpaaap	67	60.1	65.1	60.5	57.4	62.4	56.6	54.7	56.3
ABarpaaapa	74	88.2	NA	100	NA	86.1	86.9	NA	NA
ABarpaaapaa	NA	NA	NA	NA	NA	NA	NA	NA	NA
ABarpaaapap	NA	NA	NA	NA	NA	NA	NA	NA	NA
ABarpaaapp	NA	NA	NA	NA	NA	NA	NA	NA	NA
ABarpaap	38	34.1	35.8	35.1	39	35.6	38.5	36.1	32.3
ABarpaapa	47	46	48.6	46.2	47.2	46	46.6	45.1	44
ABarpaapaa	NA	NA	NA	NA	NA	NA	NA	NA	NA
ABarpaapap	NA	NA	NA	NA	NA	NA	NA	NA	NA
ABarpaapp	42	43.9	48.6	46.2	47.2	49.2	44.9	47	44
ABarpaappa	NA	NA	NA	NA	NA	NA	NA	NA	NA
ABarpaappp	NA	NA	NA	NA	NA	NA	NA	NA	NA
ABarpap	28	27.8	28.7	27.5	28.5	29.7	28.9	28.3	28
ABarpapa	38	36.2	35.8	33.8	35.2	37.2	38.5	38.2	34.4
ABarpapaa	58	50.1	50	52.2	51.1	49.3	48.2	48.9	52.2
ABarpapaaa	88	88	NA	87.6	85.8	91.1	88.8	87	NA
ABarpapaaaa	NA	NA	NA	NA	NA	NA	NA	NA	NA
ABarpapaaap	NA	NA	NA	NA	NA	NA	NA	NA	NA
ABarpapaap	58	58.8	NA	62	58.9	60.1	62.5	59.5	NA
ABarpapaapa	NA	NA	NA	NA	NA	NA	NA	NA	NA
ABarpapaapp	90	NA	NA	NA	NA	NA	NA	NA	NA
ABarpapaappa	NA	NA	NA	NA	NA	NA	NA	NA	NA
ABarpapaappp	NA	NA	NA	NA	NA	NA	NA	NA	NA
ABarpapap	57	50.1	48.6	51.1	49.9	49.3	50	46.9	50.1
ABarpapapa	NA	NA	NA	NA	NA	NA	NA	NA	NA
ABarpapapp	NA	NA	NA	NA	NA	NA	NA	NA	NA
ABarpapp	38	36.2	35.8	33.8	40.3	35.6	36.9	34.2	34.4
ABarpappa	67	56.2	57	57.2	53.6	54.2	58.1	56.8	54.4
ABarpappaa	NA	NA	NA	NA	NA	NA	NA	NA	NA
ABarpappap	NA	NA	NA	NA	NA	NA	NA	NA	NA
ABarpappp	47	50.1	47.2	48.6	52.3	47.7	49.9	51	45.9
ABarpapppa	NA	NA	NA	NA	NA	NA	NA	NA	NA
ABarpapppp	NA	NA	NA	NA	NA	NA	NA	NA	NA
ABarpp	29	27.9	27.3	23.3	27.8	26.7	28.9	28.3	28.1
ABarppa	28	27.9	30.1	26.1	29.9	29.6	27.3	28.3	30.1
ABarppaa	38	40.5	42.9	40	45.3	42.1	41.8	40.3	40.8
ABarppaaa	62	56.1	59.7	59.4	53.5	55.8	54.9	52.7	54.4
ABarppaaaa	NA	NA	NA	NA	NA	NA	NA	NA	NA
ABarppaaap	NA	NA	NA	NA	NA	NA	NA	NA	NA
ABarppaap	57	49.8	51.2	49.6	47.2	51	50	48.9	48
ABarppaapa	NA	NA	NA	NA	NA	NA	NA	NA	NA
ABarppaapp	204	NA	NA	NA	NA	NA	NA	NA	NA
ABarppaappa	NA	NA	NA	NA	NA	NA	NA	NA	NA
ABarppaappp	NA	NA	NA	NA	NA	NA	NA	NA	NA
ABarppap	38	42.6	44.4	40	44.1	43.7	41.8	40.3	40.8
ABarppapa	57	55.9	56.8	55.7	57.4	55.9	53.2	56.7	50.1
ABarppapaa	NA	NA	NA	NA	NA	NA	NA	NA	NA
ABarppapap	NA	NA	NA	NA	NA	NA	NA	NA	NA
ABarppapp	57	58	56.8	59.4	56.1	59.2	56.6	58.7	54.4
ABarppappa	NA	NA	NA	NA	NA	NA	NA	NA	NA
ABarppappp	NA	NA	NA	NA	NA	NA	NA	NA	NA
ABarppp	28	27.9	30.1	27.4	28.5	29.6	27.3	28.3	30.1
ABarpppa	38	38.3	41.6	37.5	37.7	37.2	38.5	40.3	38.6
ABarpppaa	62	54	56.9	60.7	53.5	55.9	53.3	54.7	52.1
ABarpppaaa	NA	NA	NA	NA	NA	NA	NA	NA	NA
ABarpppaap	NA	NA	NA	NA	NA	NA	NA	NA	NA
ABarpppap	57	45.7	52.7	50.9	49.7	49.3	48.2	44.9	45.9
ABarpppapa	NA	NA	NA	NA	NA	NA	NA	NA	NA
ABarpppapp	199	NA	NA	NA	NA	NA	NA	NA	NA
ABarpppappa	NA	NA	NA	NA	NA	NA	NA	NA	NA
ABarpppappp	NA	NA	NA	NA	NA	NA	NA	NA	NA
ABarpppp	38	38.3	40.1	38.7	42.8	42.1	41.8	42.3	40.8
ABarppppa	57	54	54	58.2	56.2	55.8	51.5	50.7	50.1
ABarppppaa	NA	NA	NA	NA	NA	NA	NA	NA	NA
ABarppppap	NA	NA	NA	NA	NA	NA	NA	NA	NA
ABarppppp	52	56.1	58.3	59.4	58.8	54.3	53.2	54.7	52.2
ABarpppppa	NA	NA	NA	NA	NA	NA	NA	NA	NA
ABarpppppp	NA	NA	NA	NA	NA	NA	NA	NA	NA
ABp	16	NA	NA	NA	13.6	13.3	NA	NA	NA
ABpl	17	0	13.5	NA	14.9	13.4	NA	NA	0
ABpla	21	14.9	15.1	14.2	16.4	16.8	16.9	14	23.7
ABplaa	29	25.7	25.8	20.8	25.2	23.4	25.5	26.2	26
ABplaaa	28	30	30.2	26	29.9	31.4	28.9	28.3	30.3
ABplaaaa	38	34.1	37.1	38.9	39	42.1	36.9	34.2	36.6
ABplaaaaa	57	54.1	55.6	55.8	53.5	51	51.5	51.1	52.2
ABplaaaaaa	89	100.7	NA	112.2	NA	91.1	92.1	93	NA
ABplaaaaaaa	NA	NA	NA	NA	NA	NA	NA	NA	NA
ABplaaaaaap	NA	NA	NA	NA	NA	NA	NA	NA	NA
ABplaaaaap	64	65.2	NA	67.1	63.9	63.3	60.9	63.4	NA
ABplaaaaapa	NA	NA	NA	NA	NA	NA	NA	NA	NA
ABplaaaaapp	89	NA	NA	NA	NA	NA	NA	NA	NA
ABplaaaaappa	NA	NA	NA	NA	NA	NA	NA	NA	NA
ABplaaaaappp	NA	NA	NA	NA	NA	NA	NA	NA	NA
ABplaaaap	57	50.1	52.9	53.3	51.1	52.6	49.9	49.1	50.1
ABplaaaapa	NA	NA	NA	NA	NA	NA	NA	NA	NA
ABplaaaapp	NA	NA	NA	NA	NA	NA	NA	NA	NA
ABplaaap	38	38.3	38.6	40.2	39	42.1	40.2	36.1	36.6
ABplaaapa	67	56.1	58.4	57	54.9	54.3	58.2	52.9	56.3
ABplaaapaa	NA	NA	NA	NA	NA	NA	NA	NA	NA
ABplaaapap	NA	NA	NA	NA	NA	NA	NA	NA	NA
ABplaaapp	52	47.8	49.9	48.4	53.5	51	48.2	47	50.1
ABplaaappa	NA	NA	NA	NA	NA	NA	NA	NA	NA
ABplaaappp	NA	NA	NA	NA	NA	NA	NA	NA	NA
ABplaap	28	27.8	27.1	26	29.9	29.7	28.9	26.2	28.1
ABplaapa	38	38.3	37.2	36.4	40.3	42	36.9	38.1	38.8
ABplaapaa	57	50.1	52.8	53.5	52.3	49.3	49.9	47	52.2
ABplaapaaa	79	84	NA	92.6	NA	81.3	85.6	85.2	NA
ABplaapaaaa	NA	NA	NA	NA	NA	NA	NA	NA	NA
ABplaapaaap	NA	NA	NA	NA	NA	NA	NA	NA	NA
ABplaapaap	59	73.6	NA	74.2	70.4	73.2	65.8	71.4	NA
ABplaapaapa	NA	NA	NA	NA	NA	NA	NA	NA	NA
ABplaapaapp	NA	NA	NA	NA	NA	NA	NA	NA	NA
ABplaapap	57	48	50	49.8	46	46	49.9	47	50.1
ABplaapapa	79	83.8	NA	92.6	88.4	84.6	84	75.2	NA
ABplaapapaa	NA	NA	NA	NA	NA	NA	NA	NA	NA
ABplaapapap	NA	NA	NA	NA	NA	NA	NA	NA	NA
ABplaapapp	54	63	NA	67	69.1	66.7	67.6	63.4	NA
ABplaapappa	NA	NA	NA	NA	NA	NA	NA	NA	NA
ABplaapappp	109	NA	NA	NA	NA	NA	NA	NA	NA
ABplaapapppa	NA	NA	NA	NA	NA	NA	NA	NA	NA
ABplaapapppp	NA	NA	NA	NA	NA	NA	NA	NA	NA
ABplaapp	38	34.1	35.8	32.7	34	37.2	31.8	32.2	34.4
ABplaappa	57	52.2	54.2	51.2	53.5	52.5	53.2	55	54.5
ABplaappaa	NA	NA	NA	NA	NA	NA	NA	NA	NA
ABplaappap	NA	NA	NA	NA	NA	NA	NA	NA	NA
ABplaappp	42	43.9	48.6	45	46	46	44.8	49.2	44
ABplaapppa	NA	NA	NA	NA	NA	NA	NA	NA	NA
ABplaapppp	NA	NA	NA	NA	NA	NA	NA	NA	NA
ABplap	29	25.7	25.8	20.8	25.2	25.1	25.5	26.2	26
ABplapa	28	27.8	28.7	26	28.5	29.7	28.9	28.3	30.3
ABplapaa	38	40.4	41.5	38.9	42.8	40.4	38.5	38.2	38.8
ABplapaaa	47	47.8	51.3	51	48.5	47.7	48.2	49	52.1
ABplapaaaa	89	77.8	NA	85.3	84.5	76.5	79.1	75.2	NA
ABplapaaaaa	NA	NA	NA	NA	NA	NA	NA	NA	NA
ABplapaaaap	109	NA	NA	NA	NA	NA	NA	NA	NA
ABplapaaaapa	NA	NA	NA	NA	NA	NA	NA	NA	NA
ABplapaaaapp	NA	NA	NA	NA	NA	NA	NA	NA	NA
ABplapaaap	84	73.6	NA	79.2	79.3	76.5	69.3	75.2	NA
ABplapaaapa	114	NA	NA	NA	NA	NA	NA	NA	NA
ABplapaaapad	NA	NA	NA	NA	NA	NA	NA	NA	NA
ABplapaaapav	NA	NA	NA	NA	NA	NA	NA	NA	NA
ABplapaaapp	NA	NA	NA	NA	NA	NA	NA	NA	NA
ABplapaap	47	49.8	54.1	54.7	49.8	52.6	51.6	49	54.2
ABplapaapa	NA	NA	NA	NA	NA	NA	NA	NA	NA
ABplapaapp	NA	NA	NA	NA	NA	NA	NA	NA	NA
ABplapap	38	36.2	35.8	32.7	39	37.2	35.2	32.2	34.4
ABplapapa	42	46	50	47.4	51	52.6	51.5	49.2	50.1
ABplapapaa	334	NA	NA	NA	NA	NA	NA	NA	NA
ABplapapaaa	NA	NA	NA	NA	NA	NA	NA	NA	NA
ABplapapaap	NA	NA	NA	NA	NA	NA	NA	NA	NA
ABplapapap	NA	NA	NA	NA	NA	NA	NA	NA	NA
ABplapapp	42	41.8	50	48.7	48.5	47.7	46.6	45.2	45.9
ABplapappa	NA	NA	NA	NA	NA	NA	NA	NA	NA
ABplapappp	84	83.8	NA	81.5	NA	87.9	95.5	91	NA
ABplapapppa	NA	NA	NA	NA	NA	NA	NA	NA	NA
ABplapapppp	94	NA	NA	NA	NA	NA	NA	NA	NA
ABplapappppa	84	NA	NA	NA	NA	NA	NA	NA	NA
ABplapappppaa	NA	NA	NA	NA	NA	NA	NA	NA	NA
ABplapappppap	NA	NA	NA	NA	NA	NA	NA	NA	NA
ABplapappppp	NA	NA	NA	NA	NA	NA	NA	NA	NA
ABplapp	28	30	28.7	26	28.5	29.7	28.9	28.3	30.3
ABplappa	38	38.3	41.5	36.4	41.6	40.4	40.2	36.1	38.8
ABplappaa	42	49.8	51.3	48.6	51.1	51	50	49	50.1
ABplappaaa	NA	NA	NA	NA	NA	NA	NA	NA	NA
ABplappaap	NA	NA	NA	NA	NA	NA	NA	NA	NA
ABplappap	42	49.8	54.1	47.4	49.9	49.3	46.6	47	50.1
ABplappapa	NA	NA	NA	NA	NA	NA	NA	NA	NA
ABplappapp	NA	NA	NA	NA	NA	NA	NA	NA	NA
ABplappp	38	38.3	42.9	36.4	42.8	43.7	41.8	36.1	43
ABplapppa	57	51.9	55.5	54.7	53.5	52.6	53.2	52.9	54.4
ABplapppaa	79	86.1	NA	84.1	NA	92.6	92.2	89	NA
ABplapppaaa	NA	NA	NA	NA	NA	NA	NA	NA	NA
ABplapppaap	NA	NA	NA	NA	NA	NA	NA	NA	NA
ABplapppap	59	65.2	NA	68.3	64	66.6	69.1	67.4	NA
ABplapppapa	NA	NA	NA	NA	NA	NA	NA	NA	NA
ABplapppapp	114	NA	NA	NA	NA	NA	NA	NA	NA
ABplapppappa	NA	NA	NA	NA	NA	NA	NA	NA	NA
ABplapppappp	NA	NA	NA	NA	NA	NA	NA	NA	NA
ABplapppp	57	54	56.8	53.5	57.4	52.6	53.2	54.9	54.4
ABplappppa	NA	NA	NA	NA	NA	NA	NA	NA	NA
ABplappppp	NA	NA	NA	NA	NA	NA	NA	NA	NA
ABplp	21	14.9	16.5	14.2	16.4	16.8	16.9	14	23.7
ABplpa	29	27.9	24.4	22.1	25.2	25.1	27.2	28.3	28.1
ABplpaa	28	27.9	30.2	26.1	31.1	31.3	28.9	28.3	30.1
ABplpaaa	38	36.2	38.6	35.1	40.2	38.8	36.9	34.2	38.6
ABplpaaaa	47	45.9	45.7	46.2	47.1	46	46.6	45.1	45.9
ABplpaaaaa	69	71.3	NA	79.2	75.4	76.5	70.9	75.4	NA
ABplpaaaaaa	NA	NA	NA	NA	NA	NA	NA	NA	NA
ABplpaaaaap	NA	NA	NA	NA	NA	NA	NA	NA	NA
ABplpaaaap	64	67.1	NA	68.1	70.4	61.8	65.9	69.4	NA
ABplpaaaapa	NA	NA	NA	NA	NA	NA	NA	NA	NA
ABplpaaaapp	NA	NA	NA	NA	NA	NA	NA	NA	NA
ABplpaaap	47	48	47.2	47.4	47.1	47.7	49.9	49	48
ABplpaaapa	84	85.9	NA	97.4	NA	87.8	85.4	95	NA
ABplpaaapaa	NA	NA	NA	NA	NA	NA	NA	NA	NA
ABplpaaapap	NA	NA	NA	NA	NA	NA	NA	NA	NA
ABplpaaapp	69	63	NA	68.1	71.6	60.1	67.5	65.4	NA
ABplpaaappa	119	NA	NA	NA	NA	NA	NA	NA	NA
ABplpaaappaa	NA	NA	NA	NA	NA	NA	NA	NA	NA
ABplpaaappap	NA	NA	NA	NA	NA	NA	NA	NA	NA
ABplpaaappp	NA	NA	NA	NA	NA	NA	NA	NA	NA
ABplpaap	38	34.1	35.8	33.8	39	37.2	35.2	34.2	36.5
ABplpaapa	52	48	50.1	49.9	49.9	47.7	49.9	47	48
ABplpaapaa	79	71.3	NA	76.8	78	68.4	67.6	71.4	NA
ABplpaapaaa	NA	NA	NA	NA	NA	NA	NA	NA	NA
ABplpaapaap	NA	NA	NA	NA	NA	NA	NA	NA	NA
ABplpaapap	84	75.5	NA	74.3	75.5	71.6	74.1	75.2	NA
ABplpaapapa	NA	NA	NA	NA	NA	NA	NA	NA	NA
ABplpaapapp	NA	NA	NA	NA	NA	NA	NA	NA	NA
ABplpaapp	42	43.9	48.6	46.2	48.4	44.5	48.2	43.1	45.9
ABplpaappa	74	69.2	NA	68.1	72.8	68.4	74.1	65.3	NA
ABplpaappaa	NA	NA	NA	NA	NA	NA	NA	NA	NA
ABplpaappap	NA	NA	NA	NA	NA	NA	NA	NA	NA
ABplpaappp	64	65	NA	65.7	70.4	68.4	65.9	65.3	NA
ABplpaapppa	NA	NA	NA	NA	NA	NA	NA	NA	NA
ABplpaapppp	119	NA	NA	NA	NA	NA	NA	NA	NA
ABplpaappppa	NA	NA	NA	NA	NA	NA	NA	NA	NA
ABplpaappppp	NA	NA	NA	NA	NA	NA	NA	NA	NA
ABplpap	28	27.9	28.7	26.1	29.9	28.1	28.9	28.3	30.1
ABplpapa	38	34.1	38.6	33.8	37.8	38.8	36.9	34.2	36.5
ABplpapaa	47	54.1	54.2	52.3	54.9	54.3	53.3	52.9	52.1
ABplpapaaa	84	75.7	NA	78	76.7	76.4	77.2	79.2	NA
ABplpapaaaa	NA	NA	NA	NA	NA	NA	NA	NA	NA
ABplpapaaap	NA	NA	NA	NA	NA	NA	NA	NA	NA
ABplpapaap	79	73.6	NA	78	76.7	76.4	70.7	77.2	NA
ABplpapaapa	NA	NA	NA	NA	NA	NA	NA	NA	NA
ABplpapaapp	NA	NA	NA	NA	NA	NA	NA	NA	NA
ABplpapap	47	46	50	48.6	51	49.3	49.9	49	50.1
ABplpapapa	64	71.3	NA	66.9	71.6	73.2	69	73.3	NA
ABplpapapaa	NA	NA	NA	NA	NA	NA	NA	NA	NA
ABplpapapap	NA	NA	NA	NA	NA	NA	NA	NA	NA
ABplpapapp	74	65.2	NA	73	70.4	71.6	67.5	73.3	NA
ABplpapappa	NA	NA	NA	NA	NA	NA	NA	NA	NA
ABplpapappp	NA	NA	NA	NA	NA	NA	NA	NA	NA
ABplpapp	38	32	35.8	32.5	35.2	35.5	33.6	32.2	34.4
ABplpappa	37	41.8	44.4	43.7	46	42.8	44.8	45.2	45.9
ABplpappaa	54	51.8	NA	52.4	56.3	55.3	52.8	55.5	NA
ABplpappaaa	NA	NA	NA	NA	NA	NA	NA	NA	NA
ABplpappaap	NA	NA	NA	NA	NA	NA	NA	NA	NA
ABplpappap	NA	NA	NA	NA	NA	NA	NA	NA	NA
ABplpappp	49	50.1	54.1	52.3	51.1	52.5	53.2	53.1	50.1
ABplpapppa	57	71.3	NA	73.1	75.5	71.6	69	67.4	NA
ABplpapppaa	NA	NA	NA	NA	NA	NA	NA	NA	NA
ABplpapppap	NA	NA	NA	NA	NA	NA	NA	NA	NA
ABplpapppp	62	73.4	NA	77.8	71.7	76.5	72.3	75.2	NA
ABplpappppa	NA	NA	NA	NA	NA	NA	NA	NA	NA
ABplpappppp	NA	NA	NA	NA	NA	NA	NA	NA	NA
ABplpp	29	27.9	24.4	20.8	25.2	25.1	27.2	26.2	28.1
ABplppa	28	30	31.6	27.4	33.8	31.3	30.6	30.3	32.4
ABplppaa	38	38.4	42.9	37.6	42.8	45.3	41.8	40.3	42.7
ABplppaaa	57	54	54	53.3	52.3	54.3	53.3	50.7	52.2
ABplppaaaa	69	58.8	NA	55.9	58.9	58.5	59.1	57.6	NA
ABplppaaaaa	NA	NA	NA	NA	NA	NA	NA	NA	NA
ABplppaaaap	104	NA	NA	NA	NA	NA	NA	NA	NA
ABplppaaaapa	NA	NA	NA	NA	NA	NA	NA	NA	NA
ABplppaaaapp	NA	NA	NA	NA	NA	NA	NA	NA	NA
ABplppaaap	NA	NA	NA	NA	NA	NA	NA	NA	NA
ABplppaap	62	49.8	48.4	51	49.8	49.4	48.3	50.7	48
ABplppaapa	74	81.9	NA	81.7	80.6	82.9	82.3	79.3	NA
ABplppaapaa	NA	NA	NA	NA	NA	NA	NA	NA	NA
ABplppaapap	NA	NA	NA	NA	NA	NA	NA	NA	NA
ABplppaapp	69	73.6	NA	82.9	76.8	71.5	70.8	75.4	NA
ABplppaappa	NA	NA	NA	NA	NA	NA	NA	NA	NA
ABplppaappp	NA	NA	NA	NA	NA	NA	NA	NA	NA
ABplppap	38	36.2	41.6	35.1	37.6	40.4	38.5	38.2	38.6
ABplppapa	57	49.8	49.9	49.8	49.8	51	48.3	48.9	46
ABplppapaa	59	67.3	NA	75.5	69.1	68.3	67.4	69.3	NA
ABplppapaaa	119	NA	NA	NA	NA	NA	NA	NA	NA
ABplppapaaaa	NA	NA	NA	NA	NA	NA	NA	NA	NA
ABplppapaaap	NA	NA	NA	NA	NA	NA	NA	NA	NA
ABplppapaap	NA	NA	NA	NA	NA	NA	NA	NA	NA
ABplppapap	84	81.9	NA	85.3	85.7	82.9	83.8	83.2	NA
ABplppapapa	NA	NA	NA	NA	NA	NA	NA	NA	NA
ABplppapapp	NA	NA	NA	NA	NA	NA	NA	NA	NA
ABplppapp	57	51.9	51.3	49.8	56.1	52.6	51.6	50.8	50.1
ABplppappa	79	75.7	NA	81.6	76.8	76.4	78.9	79.3	NA
ABplppappaa	NA	NA	NA	NA	NA	NA	NA	NA	NA
ABplppappap	NA	NA	NA	NA	NA	NA	NA	NA	NA
ABplppappp	89	81.9	NA	83.9	NA	94.3	83.9	85.2	NA
ABplppapppa	NA	NA	NA	NA	NA	NA	NA	NA	NA
ABplppapppp	NA	NA	NA	NA	NA	NA	NA	NA	NA
ABplppp	28	30	30.2	27.4	29.9	29.7	28.9	28.3	32.4
ABplpppa	38	34.1	37.1	32.5	37.8	37.2	33.6	36.1	36.5
ABplpppaa	52	50.1	50	48.7	49.8	51	49.9	47	50
ABplpppaaa	64	71.5	NA	81.5	76.8	78	72.4	81.2	NA
ABplpppaaaa	NA	NA	NA	NA	NA	NA	NA	NA	NA
ABplpppaaap	NA	NA	NA	NA	NA	NA	NA	NA	NA
ABplpppaap	32	71.5	NA	74.2	78.1	73.2	67.5	79.2	NA
ABplpppaapa	176	NA	NA	NA	NA	NA	NA	NA	NA
ABplpppaapaa	NA	NA	NA	NA	NA	NA	NA	NA	NA
ABplpppaapap	NA	NA	NA	NA	NA	NA	NA	NA	NA
ABplpppaapp	NA	NA	NA	NA	NA	NA	NA	NA	NA
ABplpppap	52	50.1	48.6	49.9	48.5	51	51.5	45.1	50
ABplpppapa	49	51.9	NA	54.7	52.4	53.7	52.8	51.7	NA
ABplpppapaa	NA	NA	NA	NA	NA	NA	NA	NA	NA
ABplpppapap	NA	NA	NA	NA	NA	NA	NA	NA	NA
ABplpppapp	NA	NA	NA	NA	NA	NA	NA	NA	NA
ABplpppp	38	32	35.8	31.4	36.4	35.6	33.6	36.1	34.4
ABplppppa	47	43.9	47.3	46.2	48.5	46	46.6	43.1	45.9
ABplppppaa	69	69.2	NA	69.5	74.2	74.7	65.9	71.3	NA
ABplppppaaa	NA	NA	NA	NA	NA	NA	NA	NA	NA
ABplppppaap	NA	NA	NA	NA	NA	NA	NA	NA	NA
ABplppppap	59	67.1	NA	70.8	75.5	68.3	70.8	65.3	NA
ABplppppapa	NA	NA	NA	NA	NA	NA	NA	NA	NA
ABplppppapp	NA	NA	NA	NA	NA	NA	NA	NA	NA
ABplppppp	49	46	52.8	53.6	49.8	47.7	48.2	47	48
ABplpppppa	67	92.2	NA	87.7	81.9	89.5	79.1	89.1	NA
ABplpppppaa	NA	NA	NA	NA	NA	NA	NA	NA	NA
ABplpppppap	NA	NA	NA	NA	NA	NA	NA	NA	NA
ABplpppppp	67	63	NA	68.1	67.9	NA	67.6	65.4	NA
ABplppppppa	NA	NA	NA	NA	NA	NA	NA	NA	NA
ABplppppppp	NA	NA	NA	NA	NA	NA	NA	NA	NA
ABpr	17	0	13.5	NA	14.9	13.4	NA	NA	8.4
ABpra	21	14.9	15.1	14.3	16.4	15.1	15.3	14	15
ABpraa	29	25.7	25.8	20.8	23.8	25.1	25.5	26.2	28.1
ABpraaa	28	30	30.2	27.5	32.4	32.9	30.7	32.3	32.4
ABpraaaa	38	42.6	45.7	37.6	42.8	43.7	43.5	40.2	44.9
ABpraaaaa	62	55.9	54	54.6	51.1	52.7	53.3	52.7	54.2
ABpraaaaaa	79	79.9	NA	83	NA	81.3	78.8	83.2	NA
ABpraaaaaaa	NA	NA	NA	NA	NA	NA	NA	NA	NA
ABpraaaaaap	NA	NA	NA	NA	NA	NA	NA	NA	NA
ABpraaaaap	89	94.5	NA	106.1	NA	96	93.6	97	NA
ABpraaaaapd	NA	NA	NA	NA	NA	NA	NA	NA	NA
ABpraaaaapv	NA	NA	NA	NA	NA	NA	NA	NA	NA
ABpraaaap	52	45.5	45.6	44.9	46.1	46.1	45	44.9	45.9
ABpraaaapa	79	73.6	NA	79.1	80.6	76.4	72.3	75.2	NA
ABpraaaapad	NA	NA	NA	NA	NA	NA	NA	NA	NA
ABpraaaapav	NA	NA	NA	NA	NA	NA	NA	NA	NA
ABpraaaapp	59	69.4	NA	67	62.7	65	69	69.3	NA
ABpraaaappa	NA	NA	NA	NA	NA	NA	NA	NA	NA
ABpraaaappp	94	NA	NA	NA	NA	NA	NA	NA	NA
ABpraaaapppa	NA	NA	NA	NA	NA	NA	NA	NA	NA
ABpraaaapppp	NA	NA	NA	NA	NA	NA	NA	NA	NA
ABpraaap	38	34.1	37.1	32.5	39	35.6	35.2	34.2	36.5
ABpraaapa	52	50.1	51.3	51.1	49.9	49.3	51.5	49	50
ABpraaapaa	64	92.2	NA	85.3	85.7	81.3	77.3	79.2	NA
ABpraaapaad	NA	NA	NA	NA	NA	NA	NA	NA	NA
ABpraaapaav	NA	NA	NA	NA	NA	NA	NA	NA	NA
ABpraaapap	74	71.3	NA	70.6	74.1	73.2	72.3	71.3	NA
ABpraaapapa	104	NA	NA	NA	NA	NA	NA	NA	NA
ABpraaapapaa	NA	NA	NA	NA	NA	NA	NA	NA	NA
ABpraaapapap	NA	NA	NA	NA	NA	NA	NA	NA	NA
ABpraaapapp	NA	NA	NA	NA	NA	NA	NA	NA	NA
ABpraaapp	42	41.8	44.4	42.4	40.8	41.2	43.1	41.2	41.6
ABpraaappa	64	73.3	NA	81.7	75.5	74.8	82.4	75.2	NA
ABpraaappaa	NA	NA	NA	NA	NA	NA	NA	NA	NA
ABpraaappap	NA	NA	NA	NA	NA	NA	NA	NA	NA
ABpraaappp	44	49.7	NA	51.2	51.2	52	54.5	48.9	NA
ABpraaapppa	89	NA	NA	NA	NA	NA	83.6	83.3	NA
ABpraaapppaa	NA	NA	NA	NA	NA	NA	NA	NA	NA
ABpraaapppap	NA	NA	NA	NA	NA	NA	NA	NA	NA
ABpraaapppp	89	71.6	NA	72	NA	78	75.4	75.5	NA
ABpraaappppa	NA	NA	NA	NA	NA	NA	NA	NA	NA
ABpraaappppp	NA	NA	NA	NA	NA	NA	NA	NA	NA
ABpraap	28	30	28.7	26.1	29.9	29.7	28.9	28.3	30.1
ABpraapa	38	38.3	40	37.6	41.6	42	40.2	38.2	38.6
ABpraapaa	57	47.8	49.9	51	48.4	49.3	48.2	49	50
ABpraapaaa	74	92.4	NA	97.5	87	84.6	92.1	85.2	NA
ABpraapaaaa	NA	NA	NA	NA	NA	NA	NA	NA	NA
ABpraapaaap	NA	NA	NA	NA	NA	NA	NA	NA	NA
ABpraapaap	59	69.4	NA	73.1	71.6	66.6	70.7	75.2	NA
ABpraapaapa	NA	NA	NA	NA	NA	NA	NA	NA	NA
ABpraapaapp	NA	NA	NA	NA	NA	NA	NA	NA	NA
ABpraapap	57	49.8	52.8	48.5	44.7	44.4	48.2	47	48
ABpraapapa	79	81.9	NA	91.4	87.1	81.3	87.1	83.2	NA
ABpraapapaa	NA	NA	NA	NA	NA	NA	NA	NA	NA
ABpraapapap	NA	NA	NA	NA	NA	NA	NA	NA	NA
ABpraapapp	59	63	NA	67	71.6	63.4	62.5	65.4	NA
ABpraapappa	NA	NA	NA	NA	NA	NA	NA	NA	NA
ABpraapappp	104	NA	NA	NA	NA	NA	NA	NA	NA
ABpraapapppa	NA	NA	NA	NA	NA	NA	NA	NA	NA
ABpraapapppp	NA	NA	NA	NA	NA	NA	NA	NA	NA
ABpraapp	38	34.1	35.8	32.5	39	35.5	33.6	34.2	36.5
ABpraappa	57	56.2	57	54.8	54.9	54.2	54.8	53.1	54.2
ABpraappaa	NA	NA	NA	NA	NA	NA	NA	NA	NA
ABpraappap	NA	NA	NA	NA	NA	NA	NA	NA	NA
ABpraappp	47	43.9	51.4	47.5	51	49.3	48.2	45.2	45.9
ABpraapppa	NA	NA	NA	NA	NA	NA	NA	NA	NA
ABpraapppp	NA	NA	NA	NA	NA	NA	NA	NA	NA
ABprap	29	25.7	25.8	20.8	23.8	25.1	25.5	26.2	28.1
ABprapa	28	30	30.2	26.1	29.9	29.7	27.2	30.3	30.1
ABprapaa	38	40.5	40	37.6	40.2	42	41.9	38.2	38.6
ABprapaaa	49	49.8	51.3	51	51.1	49.3	48.2	48.9	50
ABprapaaaa	87	81.9	NA	85.3	88.4	74.8	85.4	79.2	NA
ABprapaaaaa	NA	NA	NA	NA	NA	NA	NA	NA	NA
ABprapaaaap	114	NA	NA	NA	NA	NA	NA	NA	NA
ABprapaaaapa	NA	NA	NA	NA	NA	NA	NA	NA	NA
ABprapaaaapp	NA	NA	NA	NA	NA	NA	NA	NA	NA
ABprapaaap	82	75.7	NA	85.3	80.6	71.6	75.6	75.2	NA
ABprapaaapa	119	NA	NA	NA	NA	NA	NA	NA	NA
ABprapaaapad	NA	NA	NA	NA	NA	NA	NA	NA	NA
ABprapaaapav	NA	NA	NA	NA	NA	NA	NA	NA	NA
ABprapaaapp	NA	NA	NA	NA	NA	NA	NA	NA	NA
ABprapaap	52	56.1	55.5	55.8	56.1	55.9	58.2	54.7	54.2
ABprapaapa	NA	NA	NA	NA	NA	NA	NA	NA	NA
ABprapaapp	NA	NA	NA	NA	NA	NA	NA	NA	NA
ABprapap	38	34.1	35.8	33.8	37.7	35.5	35.3	34.2	34.4
ABprapapa	47	50.1	48.6	51.1	51	52.5	51.5	51	54.2
ABprapapaa	329	NA	NA	NA	NA	NA	NA	NA	NA
ABprapapaaa	NA	NA	NA	NA	NA	NA	NA	NA	NA
ABprapapaap	NA	NA	NA	NA	NA	NA	NA	NA	NA
ABprapapap	NA	NA	NA	NA	NA	NA	NA	NA	NA
ABprapapp	47	46	45.8	46.2	47.2	47.7	49.9	47	50.1
ABprapappa	NA	NA	NA	NA	NA	NA	NA	NA	NA
ABprapappp	79	90.1	NA	88.8	93.3	92.7	95.5	91.1	NA
ABprapapppa	NA	NA	NA	NA	NA	NA	NA	NA	NA
ABprapapppp	94	NA	NA	NA	NA	NA	NA	NA	NA
ABprapappppa	84	NA	NA	NA	NA	NA	NA	NA	NA
ABprapappppaa	NA	NA	NA	NA	NA	NA	NA	NA	NA
ABprapappppap	NA	NA	NA	NA	NA	NA	NA	NA	NA
ABprapappppp	NA	NA	NA	NA	NA	NA	NA	NA	NA
ABprapp	28	30	30.2	27.5	31.2	29.7	28.9	30.3	30.1
ABprappa	38	38.3	40	37.6	42.9	40.3	38.5	38.2	38.6
ABprappaa	45	51.9	50	49.7	51.1	49.3	49.9	48.9	52.1
ABprappaaa	NA	NA	NA	NA	NA	NA	NA	NA	NA
ABprappaap	NA	NA	NA	NA	NA	NA	NA	NA	NA
ABprappap	45	49.8	50	47.3	49.8	51	49.9	48.9	52.1
ABprappapa	NA	NA	NA	NA	NA	NA	NA	NA	NA
ABprappapp	NA	NA	NA	NA	NA	NA	NA	NA	NA
ABprappp	38	42.6	42.9	40	42.9	42	41.8	42.3	40.8
ABprapppa	57	53.9	56.9	58.2	54.9	54.3	56.6	54.7	54.4
ABprapppaa	79	88.3	NA	96.4	NA	100.7	91.9	98.9	NA
ABprapppaaa	NA	NA	NA	NA	NA	NA	NA	NA	NA
ABprapppaap	NA	NA	NA	NA	NA	NA	NA	NA	NA
ABprapppap	59	69.5	NA	68.2	66.5	76.4	65.7	71.4	NA
ABprapppapa	NA	NA	NA	NA	NA	NA	NA	NA	NA
ABprapppapp	114	NA	NA	NA	NA	NA	NA	NA	NA
ABprapppappa	NA	NA	NA	NA	NA	NA	NA	NA	NA
ABprapppappp	NA	NA	NA	NA	NA	NA	NA	NA	NA
ABprapppp	57	53.9	56.9	59.4	56.2	57.5	54.8	56.7	54.4
ABprappppa	NA	NA	NA	NA	NA	NA	NA	NA	NA
ABprappppp	NA	NA	NA	NA	NA	NA	NA	NA	NA
ABprp	21	14.9	16.5	12.9	16.4	16.8	15.3	16.1	17.2
ABprpa	29	27.9	25.8	20.8	25.2	23.4	25.5	24.2	25.9
ABprpaa	28	27.9	31.4	27.4	29.9	31.4	28.9	30.3	28
ABprpaaa	38	36.2	37.2	33.8	37.8	37.2	38.5	34.2	36.6
ABprpaaaa	49	45.9	47.1	46.2	47.3	46.1	44.9	45.1	48
ABprpaaaaa	67	69.2	NA	77.9	72.9	73.2	74.1	73.4	NA
ABprpaaaaaa	NA	NA	NA	NA	NA	NA	NA	NA	NA
ABprpaaaaap	NA	NA	NA	NA	NA	NA	NA	NA	NA
ABprpaaaap	67	67.1	NA	70.6	70.4	70	69.1	71.4	NA
ABprpaaaapa	NA	NA	NA	NA	NA	NA	NA	NA	NA
ABprpaaaapp	NA	NA	NA	NA	NA	NA	NA	NA	NA
ABprpaaap	49	48	50	47.5	48.5	46.1	46.6	47	48
ABprpaaapa	87	94.4	NA	93.7	93.5	87.9	88.9	95	NA
ABprpaaapaa	NA	NA	NA	NA	NA	NA	NA	NA	NA
ABprpaaapap	NA	NA	NA	NA	NA	NA	NA	NA	NA
ABprpaaapp	67	65	NA	69.4	70.4	65.1	70.9	71.4	NA
ABprpaaappa	115	NA	NA	NA	NA	NA	NA	NA	NA
ABprpaaappaa	NA	NA	NA	NA	NA	NA	NA	NA	NA
ABprpaaappap	NA	NA	NA	NA	NA	NA	NA	NA	NA
ABprpaaappp	NA	NA	NA	NA	NA	NA	NA	NA	NA
ABprpaap	38	34.1	37.2	31.4	36.4	35.6	36.9	34.2	34.4
ABprpaapa	49	52.2	50	51.2	49.8	49.2	46.6	51	48
ABprpaapaa	77	77.8	NA	69.4	69.1	70	75.8	71.3	NA
ABprpaapaaa	NA	NA	NA	NA	NA	NA	NA	NA	NA
ABprpaapaap	NA	NA	NA	NA	NA	NA	NA	NA	NA
ABprpaapap	77	73.6	NA	77.9	74.2	78.1	72.6	73.3	NA
ABprpaapapa	NA	NA	NA	NA	NA	NA	NA	NA	NA
ABprpaapapp	NA	NA	NA	NA	NA	NA	NA	NA	NA
ABprpaapp	42	48	47.1	46.2	48.5	46	44.9	47	45.9
ABprpaappa	81	73.4	NA	73.2	69.1	66.6	70.8	71.4	NA
ABprpaappaa	NA	NA	NA	NA	NA	NA	NA	NA	NA
ABprpaappap	NA	NA	NA	NA	NA	NA	NA	NA	NA
ABprpaappp	74	65.2	NA	73.2	63.9	73.2	72.6	67.4	NA
ABprpaapppa	NA	NA	NA	NA	NA	NA	NA	NA	NA
ABprpaapppp	114	NA	NA	NA	NA	NA	NA	NA	NA
ABprpaappppa	NA	NA	NA	NA	NA	NA	NA	NA	NA
ABprpaappppp	NA	NA	NA	NA	NA	NA	NA	NA	NA
ABprpap	28	27.9	30.1	26	28.5	29.7	28.9	28.3	28
ABprpapa	38	36.2	38.7	35.2	39	38.8	35.2	34.2	36.6
ABprpapaa	49	52	55.5	54.8	53.6	52.6	54.9	53.1	54.2
ABprpapaaa	81	77.8	NA	80.4	79.4	76.4	75.6	73.3	NA
ABprpapaaaa	NA	NA	NA	NA	NA	NA	NA	NA	NA
ABprpapaaap	NA	NA	NA	NA	NA	NA	NA	NA	NA
ABprpapaap	77	77.8	NA	76.8	80.7	71.6	75.6	77.2	NA
ABprpapaapa	NA	NA	NA	NA	NA	NA	NA	NA	NA
ABprpapaapp	NA	NA	NA	NA	NA	NA	NA	NA	NA
ABprpapap	47	50.1	48.4	52.3	48.5	49.3	51.5	51.1	50.1
ABprpapapa	64	69.4	NA	75.5	70.4	69.9	72.4	71.4	NA
ABprpapapaa	NA	NA	NA	NA	NA	NA	NA	NA	NA
ABprpapapap	NA	NA	NA	NA	NA	NA	NA	NA	NA
ABprpapapp	69	65.2	NA	71.9	67.9	69.9	67.6	67.4	NA
ABprpapappa	NA	NA	NA	NA	NA	NA	NA	NA	NA
ABprpapappp	NA	NA	NA	NA	NA	NA	NA	NA	NA
ABprpapp	38	32	37.2	32.7	36.4	33.9	33.6	32.2	34.4
ABprpappa	42	48.1	45.7	47.4	47.2	46	46.4	47.2	45.9
ABprpappaa	69	65.2	NA	70.6	62.7	69.9	64.3	67.3	NA
ABprpappaaa	NA	NA	NA	NA	NA	NA	NA	NA	NA
ABprpappaap	NA	NA	NA	NA	NA	NA	NA	NA	NA
ABprpappap	69	65.2	NA	70.6	66.5	66.7	66.1	71.3	NA
ABprpappapa	NA	NA	NA	NA	NA	NA	NA	NA	NA
ABprpappapp	NA	NA	NA	NA	NA	NA	NA	NA	NA
ABprpappp	49	50.1	49.9	50	47.2	47.7	48.2	49.2	48
ABprpapppa	67	71.3	NA	71.8	70.4	71.6	70.8	79.2	NA
ABprpapppaa	NA	NA	NA	NA	NA	NA	NA	NA	NA
ABprpapppap	NA	NA	NA	NA	NA	NA	NA	NA	NA
ABprpapppp	62	67.1	NA	69.4	74.1	71.6	72.6	75.4	NA
ABprpappppa	NA	NA	NA	NA	NA	NA	NA	NA	NA
ABprpappppp	NA	NA	NA	NA	NA	NA	NA	NA	NA
ABprpp	29	27.9	25.8	22.1	25.2	25.1	25.5	26.3	25.9
ABprppa	28	30	32.9	27.5	31.1	31.3	32.3	30.3	30.1
ABprppaa	38	40.5	41.5	41.3	44	40.4	41.8	40.2	42.7
ABprppaaa	57	53.9	55.4	55.7	51	51	53.3	52.7	54.4
ABprppaaaa	67	59	NA	62.1	58.9	60.1	64.1	63.4	NA
ABprppaaaaa	NA	NA	NA	NA	NA	NA	NA	NA	NA
ABprppaaaap	111	NA	NA	NA	NA	NA	NA	NA	NA
ABprppaaaapa	NA	NA	NA	NA	NA	NA	NA	NA	NA
ABprppaaaapp	NA	NA	NA	NA	NA	NA	NA	NA	NA
ABprppaaap	NA	NA	NA	NA	NA	NA	NA	NA	NA
ABprppaap	62	49.7	51.2	50.9	49.7	49.3	49.9	52.7	50.1
ABprppaapa	79	79.8	NA	81.6	83.3	76.4	77.3	93	NA
ABprppaapaa	NA	NA	NA	NA	NA	NA	NA	NA	NA
ABprppaapap	NA	NA	NA	NA	NA	NA	NA	NA	NA
ABprppaapp	69	71.5	NA	76.9	74.1	73.2	75.8	75.4	NA
ABprppaappa	NA	NA	NA	NA	NA	NA	NA	NA	NA
ABprppaappp	NA	NA	NA	NA	NA	NA	NA	NA	NA
ABprppap	38	38.4	38.7	36.3	39	37.2	38.5	36.1	36.5
ABprppapa	57	49.8	49.9	44.9	48.4	49.3	48.3	46.9	50.1
ABprppapaa	59	69.4	NA	71.8	70.4	71.6	69	69.4	NA
ABprppapaaa	119	NA	NA	NA	NA	NA	NA	NA	NA
ABprppapaaaa	NA	NA	NA	NA	NA	NA	NA	NA	NA
ABprppapaaap	NA	NA	NA	NA	NA	NA	NA	NA	NA
ABprppapaap	NA	NA	NA	NA	NA	NA	NA	NA	NA
ABprppapap	84	81.9	NA	92.5	84.4	84.6	85.4	83.2	NA
ABprppapapa	NA	NA	NA	NA	NA	NA	NA	NA	NA
ABprppapapp	NA	NA	NA	NA	NA	NA	NA	NA	NA
ABprppapp	57	54	54.1	52.1	56.2	51	54.8	56.7	52.1
ABprppappa	74	75.5	NA	78	72.9	78	77.2	79.2	NA
ABprppappaa	NA	NA	NA	NA	NA	NA	NA	NA	NA
ABprppappap	NA	NA	NA	NA	NA	NA	NA	NA	NA
ABprppappp	89	81.9	NA	95.1	NA	91.1	91.9	93	NA
ABprppapppa	NA	NA	NA	NA	NA	NA	NA	NA	NA
ABprppapppp	NA	NA	NA	NA	NA	NA	NA	NA	NA
ABprppp	28	30	30.1	27.5	28.5	29.7	28.9	30.3	30.1
ABprpppa	38	36.2	35.8	33.8	36.4	37.2	38.5	34.2	34.4
ABprpppaa	52	49.8	50	49.8	53.5	49.3	51.6	49	50.1
ABprpppaaa	64	73.6	NA	79.2	76.7	73.2	74	75.2	NA
ABprpppaaaa	NA	NA	NA	NA	NA	NA	NA	NA	NA
ABprpppaaap	NA	NA	NA	NA	NA	NA	NA	NA	NA
ABprpppaap	59	75.7	NA	79.2	74.1	76.5	77.3	77.2	NA
ABprpppaapa	149	NA	NA	NA	NA	NA	NA	NA	NA
ABprpppaapaa	NA	NA	NA	NA	NA	NA	NA	NA	NA
ABprpppaapap	NA	NA	NA	NA	NA	NA	NA	NA	NA
ABprpppaapp	NA	NA	NA	NA	NA	NA	NA	NA	NA
ABprpppap	52	47.8	51.3	52.2	51.1	49.3	51.6	49	50.1
ABprpppapa	49	54.8	NA	48.6	51.2	50.4	57.6	51.7	NA
ABprpppapaa	NA	NA	NA	NA	NA	NA	NA	NA	NA
ABprpppapap	NA	NA	NA	NA	NA	NA	NA	NA	NA
ABprpppapp	NA	NA	NA	NA	NA	NA	NA	NA	NA
ABprpppp	38	34.1	35.8	33.8	35.2	35.6	35.2	34.2	34.4
ABprppppa	49	45.9	45.8	45	47.2	46	46.6	45	45.9
ABprppppaa	67	71.3	NA	74.2	73	71.6	72.6	67.4	NA
ABprppppaaa	NA	NA	NA	NA	NA	NA	NA	NA	NA
ABprppppaap	NA	NA	NA	NA	NA	NA	NA	NA	NA
ABprppppap	57	69.2	NA	71.8	69.1	65	70.8	67.4	NA
ABprppppapa	NA	NA	NA	NA	NA	NA	NA	NA	NA
ABprppppapp	NA	NA	NA	NA	NA	NA	NA	NA	NA
ABprppppp	49	50.1	51.3	49.8	51.1	52.5	49.9	49	48
ABprpppppa	67	75.7	NA	88.9	80.6	79.7	77.4	77.2	NA
ABprpppppaa	NA	NA	NA	NA	NA	NA	NA	NA	NA
ABprpppppap	NA	NA	NA	NA	NA	NA	NA	NA	NA
ABprpppppp	67	67.3	NA	74.2	65.2	68.3	70.9	65.4	NA
ABprppppppa	NA	NA	NA	NA	NA	NA	NA	NA	NA
ABprppppppp	NA	NA	NA	NA	NA	NA	NA	NA	NA
C	23	6.3	18	NA	17.7	16.8	NA	NA	17.2
Ca	29	25.6	24.2	20.8	25.5	23.3	23.7	24.1	23.8
Caa	37	32.2	33.1	27.4	31.1	34.7	30.6	32.4	30.3
Caaa	27	36.3	37.3	36.6	39.1	38.8	35.4	36.3	38.6
Caaaa	51	48.1	52.9	48.7	54.8	49.2	49.9	51.1	48.2
Caaaaa	NA	NA	NA	NA	NA	NA	NA	NA	NA
Caaaap	NA	NA	NA	NA	NA	NA	NA	NA	NA
Caaap	56	48.1	52.9	46.2	51.1	49.2	44.9	49.2	46.1
Caaapa	NA	NA	NA	NA	NA	NA	NA	NA	NA
Caaapp	NA	NA	NA	NA	NA	NA	NA	NA	NA
Caap	46	47	50.2	46.5	46.7	45.3	42	42.3	49.5
Caapa	147	121.3	NA	135	NA	134	127.3	138.2	NA
Caapaa	NA	NA	NA	NA	NA	NA	NA	NA	NA
Caapap	NA	NA	NA	NA	NA	NA	NA	NA	NA
Caapp	52	62.3	62.4	60.6	56.1	54.3	53.2	58.8	58.5
Caappd	NA	NA	NA	NA	NA	NA	NA	NA	NA
Caappv	NA	NA	NA	NA	NA	NA	NA	NA	NA
Cap	37	34.3	40.5	32.6	37.6	41.2	37.4	38.5	38.9
Capa	54	59.6	55.8	55	53	56.7	55.1	54.1	55.5
Capaa	54	55.9	57.9	55.4	56.2	54.4	54.9	60.6	54.4
Capaaa	74	86.2	NA	81.7	NA	76.4	73.7	81.3	NA
Capaaaa	NA	NA	NA	NA	NA	NA	NA	NA	NA
Capaaap	NA	NA	NA	NA	NA	NA	NA	NA	NA
Capaap	84	88.2	NA	90.3	NA	84.5	85.2	100.9	NA
Capaapa	NA	NA	NA	NA	NA	NA	NA	NA	NA
Capaapp	NA	NA	NA	NA	NA	NA	NA	NA	NA
Capap	54	55.9	59.4	54.2	57.5	52.7	56.6	62.6	54.4
Capapa	79	90.3	NA	79.3	NA	71.6	77	81.3	NA
Capapaa	NA	NA	NA	NA	NA	NA	NA	NA	NA
Capapap	NA	NA	NA	NA	NA	NA	NA	NA	NA
Capapp	85	94.5	NA	87.7	NA	84.5	85.2	93.1	NA
Capappa	NA	NA	NA	NA	NA	NA	NA	NA	NA
Capappp	NA	NA	NA	NA	NA	NA	NA	NA	NA
Capp	61	47	50.1	47.6	44	48.6	50.2	46.3	47.1
Cappa	42	55.9	52.4	56.9	57.3	52.7	53.2	56.7	50.1
Cappaa	69	71.5	NA	72	75.6	65	65.6	71.4	NA
Cappaaa	NA	NA	NA	NA	NA	NA	NA	NA	NA
Cappaap	NA	NA	NA	NA	NA	NA	NA	NA	NA
Cappap	79	79.9	NA	81.7	NA	73.1	75.5	91.1	NA
Cappapa	NA	NA	NA	NA	NA	NA	NA	NA	NA
Cappapp	NA	NA	NA	NA	NA	NA	NA	NA	NA
Cappp	42	58	60.8	58.1	58.7	56	56.6	60.6	54.2
Capppa	79	75.7	NA	75.5	NA	76.5	73.8	81.2	NA
Capppaa	NA	NA	NA	NA	NA	NA	NA	NA	NA
Capppap	NA	NA	NA	NA	NA	NA	NA	NA	NA
Capppp	89	79.9	NA	92.7	NA	84.6	86.9	93	NA
Cappppd	NA	NA	NA	NA	NA	NA	NA	NA	NA
Cappppv	NA	NA	NA	NA	NA	NA	NA	NA	NA
Cp	29	25.6	25.8	19.5	24.2	23.3	23.7	24.1	23.8
Cpa	37	30	30.2	27.3	31.2	29.9	32.3	32.4	32.4
Cpaa	34	36.3	36	34.2	35.2	35.5	33.8	34.3	36.5
Cpaaa	49	48.1	54.3	52.4	57.4	54.2	51.5	51.2	50.2
Cpaaaa	NA	NA	NA	NA	NA	NA	NA	NA	NA
Cpaaap	NA	NA	NA	NA	NA	NA	NA	NA	NA
Cpaap	47	48.1	53	51.1	58.7	49.2	48.2	49.2	46.1
Cpaapa	NA	NA	NA	NA	NA	NA	NA	NA	NA
Cpaapp	NA	NA	NA	NA	NA	NA	NA	NA	NA
Cpap	44	36.3	38.9	32.9	37.8	38.7	35.3	38.2	36.5
Cpapa	49	60.5	57.1	53.7	66.4	55.8	61.6	57	60.7
Cpapaa	NA	NA	NA	NA	NA	NA	NA	NA	NA
Cpapap	NA	NA	NA	NA	NA	NA	NA	NA	NA
Cpapp	54	62.6	61.3	61	61.2	57.4	56.6	55	50.2
Cpappd	NA	NA	NA	NA	NA	NA	NA	NA	NA
Cpappv	NA	NA	NA	NA	NA	NA	NA	NA	NA
Cpp	37	36.4	36.2	32.5	33.9	39.6	35.6	34.4	36.8
Cppa	54	55.3	55.8	53.9	60.7	56.7	52	58.1	51.4
Cppaa	54	55.9	53.7	59.1	56.2	54.3	56.6	54.8	54.2
Cppaaa	74	75.8	NA	75.5	NA	79.7	75.4	81.3	NA
Cppaaaa	NA	NA	NA	NA	NA	NA	NA	NA	NA
Cppaaap	NA	NA	NA	NA	NA	NA	NA	NA	NA
Cppaap	84	86.2	NA	86.6	NA	84.5	86.9	95.1	NA
Cppaapa	NA	NA	NA	NA	NA	NA	NA	NA	NA
Cppaapp	NA	NA	NA	NA	NA	NA	NA	NA	NA
Cppap	59	58	56.6	55.4	58.8	57.5	56.6	58.7	54.2
Cppapa	74	84.1	NA	74.4	NA	76.4	72.1	91.1	NA
Cppapaa	NA	NA	NA	NA	NA	NA	NA	NA	NA
Cppapap	NA	NA	NA	NA	NA	NA	NA	NA	NA
Cppapp	81	90.3	NA	92.8	NA	86.1	86.9	93.1	NA
Cppappa	NA	NA	NA	NA	NA	NA	NA	NA	NA
Cppappp	NA	NA	NA	NA	NA	NA	NA	NA	NA
Cppp	54	44.7	47.2	43.9	47.9	46.9	45.2	46.3	43
Cpppa	49	51.8	52.6	52	52.4	51	53.2	50.7	50
Cpppaa	69	69.4	NA	67	67.8	69.9	64.1	67.4	NA
Cpppaaa	NA	NA	NA	NA	NA	NA	NA	NA	NA
Cpppaap	NA	NA	NA	NA	NA	NA	NA	NA	NA
Cpppap	79	86.1	NA	74.2	78.1	74.8	80.5	79.3	NA
Cpppapa	NA	NA	NA	NA	NA	NA	NA	NA	NA
Cpppapp	NA	NA	NA	NA	NA	NA	NA	NA	NA
Cpppp	49	58	61	55.7	58.8	55.9	61.5	52.7	56.3
Cppppa	79	71.5	NA	68.2	NA	76.4	72.1	77.3	NA
Cppppaa	NA	NA	NA	NA	NA	NA	NA	NA	NA
Cppppap	NA	NA	NA	NA	NA	NA	NA	NA	NA
Cppppp	89	79.9	NA	78	NA	81.2	88.5	89.1	NA
Cpppppd	NA	NA	NA	NA	NA	NA	NA	NA	NA
Cpppppv	NA	NA	NA	NA	NA	NA	NA	NA	NA
D	39	36.4	39.4	32.5	35.5	35	34.1	34.4	36.9
Da	45	47	45.1	43.4	43	50.4	47.4	48.5	49.5
Daa	47	52.3	53	56.1	53.9	52.6	53.1	49.3	50.5
Daaa	64	60.1	NA	59.6	58.8	65.1	62.9	57.5	NA
Daaaa	NA	NA	NA	NA	NA	NA	NA	NA	NA
Daaap	NA	NA	NA	NA	NA	NA	NA	NA	NA
Daap	64	67.1	NA	65.7	64	66.7	64.4	65.3	NA
Daapa	NA	NA	NA	NA	NA	NA	NA	NA	NA
Daapp	NA	NA	NA	NA	NA	NA	NA	NA	NA
Dap	37	46.1	47.3	47.4	47.5	46	46.4	45.4	42.1
Dapa	69	64.3	NA	61	61.3	60.1	62.9	65.3	NA
Dapaa	NA	NA	NA	NA	NA	NA	NA	NA	NA
Dapap	NA	NA	NA	NA	NA	NA	NA	NA	NA
Dapp	59	60.2	NA	62.1	60	53.7	54.7	58.7	54.4
Dappa	81	NA	NA	NA	NA	NA	78.7	76.8	NA
Dappaa	NA	NA	NA	NA	NA	NA	NA	NA	NA
Dappap	NA	NA	NA	NA	NA	NA	NA	NA	NA
Dappp	99	NA	NA	NA	NA	NA	95.1	90.4	NA
Dapppa	NA	NA	NA	NA	NA	NA	NA	NA	NA
Dapppp	NA	NA	NA	NA	NA	NA	NA	NA	NA
Dp	45	47	45.1	45.8	46.9	52	49.1	48.5	45.2
Dpa	46	54.4	51.6	51.2	52.4	51	49.8	49.3	52.6
Dpaa	63	60.9	NA	62	66.6	61.9	67.7	63.4	NA
Dpaaa	NA	NA	NA	NA	NA	NA	NA	NA	NA
Dpaap	NA	NA	NA	NA	NA	NA	NA	NA	NA
Dpap	65	60.9	NA	59.6	56.2	58.6	66.1	63.4	NA
Dpapa	NA	NA	NA	NA	NA	NA	NA	NA	NA
Dpapp	NA	NA	NA	NA	NA	NA	NA	NA	NA
Dpp	37	50.2	47.3	47.4	46	47.7	41.5	45.4	46.4
Dppa	64	60.1	NA	58.5	52.3	60.1	63	65.3	NA
Dppaa	NA	NA	NA	NA	NA	NA	NA	NA	NA
Dppap	NA	NA	NA	NA	NA	NA	NA	NA	NA
Dppp	59	56	NA	54.8	53.6	53.7	64.5	61.3	52.2
Dpppa	79	NA	NA	NA	NA	NA	85.2	80.6	NA
Dpppaa	NA	NA	NA	NA	NA	NA	NA	NA	NA
Dpppap	NA	NA	NA	NA	NA	NA	NA	NA	NA
Dpppp	99	NA	NA	NA	NA	NA	95.1	NA	NA
Dppppa	NA	NA	NA	NA	NA	NA	NA	NA	NA
Dppppp	NA	NA	NA	NA	NA	NA	NA	NA	NA
E	22	2.1	18	NA	17.8	16.8	NA	NA	12.8
EMS	22	NA	NA	NA	14.9	13.4	NA	NA	NA
Ea	43	47.2	42.3	33.9	40.1	41.7	42.5	42.6	45.5
Eal	54	51.4	48.3	42.5	48.2	48.8	50.7	48.4	49.5
Eala	73	72.9	71.3	66.1	79.4	70.5	73.1	76.8	69.3
Ealaa	123	NA	NA	129.3	NA	NA	124.8	NA	NA
Ealaad	NA	NA	NA	NA	NA	NA	NA	NA	NA
Ealaav	NA	NA	NA	NA	NA	NA	NA	NA	NA
Ealap	313	NA	NA	NA	NA	NA	NA	NA	NA
Ealapa	NA	NA	NA	NA	NA	NA	NA	NA	NA
Ealapp	NA	NA	NA	NA	NA	NA	NA	NA	NA
Ealp	73	77.2	74	69.7	80.6	68.8	73.1	74.8	73.6
Ealpa	NA	NA	NA	NA	NA	NA	NA	NA	NA
Ealpp	313	NA	NA	NA	NA	NA	NA	NA	NA
Ealppa	NA	NA	NA	NA	NA	NA	NA	NA	NA
Ealppp	NA	NA	NA	NA	NA	NA	NA	NA	NA
Ear	54	53.5	46.8	43.8	48.2	52.1	49.1	44.4	47.4
Eara	73	77.2	77	75.7	83.3	77	79.7	74.9	75.7
Earaa	123	NA	NA	NA	NA	NA	127.9	NA	NA
Earaad	NA	NA	NA	NA	NA	NA	NA	NA	NA
Earaav	NA	NA	NA	NA	NA	NA	NA	NA	NA
Earap	313	NA	NA	NA	NA	NA	NA	NA	NA
Earapa	NA	NA	NA	NA	NA	NA	NA	NA	NA
Earapp	NA	NA	NA	NA	NA	NA	NA	NA	NA
Earp	73	79.1	74.2	75.7	80.6	78.6	79.7	78.9	79.8
Earpa	NA	NA	NA	NA	NA	NA	NA	NA	NA
Earpp	313	NA	NA	NA	NA	NA	NA	NA	NA
Earppa	NA	NA	NA	NA	NA	NA	NA	NA	NA
Earppp	NA	NA	NA	NA	NA	NA	NA	NA	NA
Ep	45	49.3	42.3	39.1	45.3	43.4	44.2	46.5	47.6
Epl	56	53.4	51.2	44.9	56	55.3	52.3	52.4	53.9
Epla	68	75.1	71.1	67.2	72.8	68.8	69.9	72.7	75.4
Eplaa	314	NA	NA	NA	NA	NA	NA	NA	NA
Eplaaa	NA	NA	NA	NA	NA	NA	NA	NA	NA
Eplaap	NA	NA	NA	NA	NA	NA	NA	NA	NA
Eplap	314	NA	NA	NA	NA	NA	NA	NA	NA
Eplapa	NA	NA	NA	NA	NA	NA	NA	NA	NA
Eplapp	NA	NA	NA	NA	NA	NA	NA	NA	NA
Eplp	78	83.3	78.2	76.8	83.1	77.1	81.6	82.5	81.7
Eplpa	304	NA	NA	NA	NA	NA	NA	NA	NA
Eplpaa	NA	NA	NA	NA	NA	NA	NA	NA	NA
Eplpap	NA	NA	NA	NA	NA	NA	NA	NA	NA
Eplpp	124	NA	NA	NA	NA	NA	119.6	NA	NA
Eplppa	179	NA	NA	NA	NA	NA	NA	NA	NA
Eplppaa	NA	NA	NA	NA	NA	NA	NA	NA	NA
Eplppap	NA	NA	NA	NA	NA	NA	NA	NA	NA
Eplppp	179	NA	NA	NA	NA	NA	NA	NA	NA
Eplpppa	NA	NA	NA	NA	NA	NA	NA	NA	NA
Eplpppp	NA	NA	NA	NA	NA	NA	NA	NA	NA
Epr	56	51.3	51.2	43.5	61	52.1	52.3	48.4	51.6
Epra	68	79.1	72.6	75.6	80.4	75.3	76.6	78.6	79.7
Epraa	314	NA	NA	NA	NA	NA	NA	NA	NA
Epraaa	NA	NA	NA	NA	NA	NA	NA	NA	NA
Epraap	NA	NA	NA	NA	NA	NA	NA	NA	NA
Eprap	314	NA	NA	NA	NA	NA	NA	NA	NA
Eprapa	NA	NA	NA	NA	NA	NA	NA	NA	NA
Eprapp	NA	NA	NA	NA	NA	NA	NA	NA	NA
Eprp	78	85.4	83.8	85.3	84.3	81.8	78.3	80.6	83.8
Eprpa	304	NA	NA	NA	NA	NA	NA	NA	NA
Eprpaa	NA	NA	NA	NA	NA	NA	NA	NA	NA
Eprpap	NA	NA	NA	NA	NA	NA	NA	NA	NA
Eprpp	124	NA	NA	NA	NA	NA	NA	NA	NA
Eprppa	179	NA	NA	NA	NA	NA	NA	NA	NA
Eprppaa	NA	NA	NA	NA	NA	NA	NA	NA	NA
Eprppap	NA	NA	NA	NA	NA	NA	NA	NA	NA
Eprppp	179	NA	NA	NA	NA	NA	NA	NA	NA
Eprpppa	NA	NA	NA	NA	NA	NA	NA	NA	NA
Eprpppp	NA	NA	NA	NA	NA	NA	NA	NA	NA
MS	19	4.2	16.4	NA	16.4	16.8	NA	NA	10.7
MSa	26	19.3	21.1	15.7	19.1	20	20.4	22.1	21.5
MSaa	25	25.7	24.1	22.2	25	26.6	23.9	24.2	26
MSaaa	32	32.1	31	31.1	32.5	31	32.2	30.3	32.4
MSaaaa	36	34.1	34.3	34.9	36.3	34	33.2	34.2	34.1
MSaaaaa	46	39.3	44.3	42.2	44.6	42.9	41.6	40.9	39.6
MSaaaaaa	124	NA	NA	NA	NA	NA	120	112.6	NA
MSaaaaaal	NA	NA	NA	NA	NA	NA	NA	NA	NA
MSaaaaaar	NA	NA	NA	NA	NA	NA	NA	NA	NA
MSaaaaap	49	49.8	NA	51.2	44.7	48.7	47.9	47.7	NA
MSaaaaapa	74	NA	NA	78.1	NA	NA	73.7	80.6	NA
MSaaaaapaa	NA	NA	NA	NA	NA	NA	NA	NA	NA
MSaaaaapap	NA	NA	NA	NA	NA	NA	NA	NA	NA
MSaaaaapp	NA	NA	NA	NA	NA	NA	NA	NA	NA
MSaaaap	51	47.6	52.6	48.4	47.2	47.8	46.7	48.7	43.7
MSaaaapa	49	60.9	NA	59.7	57.5	60.1	64.2	65.4	NA
MSaaaapaa	NA	NA	NA	NA	NA	NA	NA	NA	NA
MSaaaapap	NA	NA	NA	NA	NA	NA	NA	NA	NA
MSaaaapp	64	69.4	NA	68.3	69.1	66.6	67.4	71.4	NA
MSaaaappa	NA	NA	NA	NA	NA	NA	NA	NA	NA
MSaaaappp	NA	NA	NA	NA	NA	NA	NA	NA	NA
MSaaap	43	40.3	37.2	39.8	50.3	48.6	38.3	44	40.4
MSaaapa	49	37.2	38.5	38.4	38.3	41.3	38.2	37.1	39.6
MSaaapaa	44	52.7	NA	51.1	53.7	52	55.9	53.6	NA
MSaaapaaa	NA	NA	NA	NA	NA	NA	NA	NA	NA
MSaaapaap	NA	NA	NA	NA	NA	NA	NA	NA	NA
MSaaapap	59	60.9	NA	53.5	58.9	50.4	55.9	53.6	NA
MSaaapapa	NA	NA	NA	NA	NA	NA	NA	NA	NA
MSaaapapp	NA	NA	NA	NA	NA	NA	NA	NA	NA
MSaaapp	89	74.6	NA	81	76.6	80.3	79.5	82.9	NA
MSaaappa	NA	NA	NA	NA	NA	NA	NA	NA	NA
MSaaappp	NA	NA	NA	NA	NA	NA	NA	NA	NA
MSaap	32	32.1	32.4	32.3	35.1	32.6	32.2	34.3	34.5
MSaapa	35	34.1	37.2	34.8	35	32.3	33.2	33.9	36.3
MSaapaa	52	41.3	49.8	47	42.2	51.1	43.2	42.9	NA
MSaapaaa	44	60.9	NA	59.7	56.3	61.8	64.1	57.6	NA
MSaapaaaa	NA	NA	NA	NA	NA	NA	NA	NA	NA
MSaapaaap	NA	NA	NA	NA	NA	NA	NA	NA	NA
MSaapaap	46	54.8	NA	56.1	55	57	59.2	57.6	NA
MSaapaapa	99	NA	NA	NA	NA	NA	NA	NA	NA
MSaapaapaa	NA	NA	NA	NA	NA	NA	NA	NA	NA
MSaapaapap	NA	NA	NA	NA	NA	NA	NA	NA	NA
MSaapaapp	NA	NA	NA	NA	NA	NA	NA	NA	NA
MSaapap	57	47.6	55.4	53	48.5	49.4	43.2	48.9	50.1
MSaapapa	114	96.5	NA	115.9	NA	105.7	83.8	87.1	NA
MSaapapaa	NA	NA	NA	NA	NA	NA	NA	NA	NA
MSaapapap	NA	NA	NA	NA	NA	NA	NA	NA	NA
MSaapapp	49	71.5	NA	NA	67.8	58.5	59.2	73.4	NA
MSaapappa	NA	NA	NA	NA	NA	NA	NA	NA	NA
MSaapappp	NA	NA	NA	NA	NA	NA	NA	NA	NA
MSaapp	48	44.5	50.1	48.6	45.1	43.7	43.2	45.7	42.5
MSaappa	94	74.6	NA	78.4	67.7	68.9	76.3	66.5	NA
MSaappaa	NA	NA	NA	NA	NA	NA	NA	NA	NA
MSaappap	NA	NA	NA	NA	NA	NA	NA	NA	NA
MSaappp	74	68.4	NA	66.2	74	64	68.2	75	NA
MSaapppa	69	NA	NA	NA	NA	79.7	77	NA	NA
MSaapppaa	NA	NA	NA	NA	NA	NA	NA	NA	NA
MSaapppap	NA	NA	NA	NA	NA	NA	NA	NA	NA
MSaapppp	94	NA	NA	NA	NA	NA	103.2	NA	NA
MSaappppa	NA	NA	NA	NA	NA	NA	NA	NA	NA
MSaappppp	NA	NA	NA	NA	NA	NA	NA	NA	NA
MSap	27	27.9	27.1	24.8	27.5	28.3	27.2	26.3	30.3
MSapa	34	34.2	33.8	31	33.8	32.6	34	34.4	32.3
MSapaa	39	38.1	42.9	41.2	38.7	40.4	39.8	37.9	40.4
MSapaaa	49	51.8	50.9	51.6	47.2	49.4	48.2	50.8	48
MSapaaaa	114	NA	NA	NA	NA	NA	127.9	NA	NA
MSapaaaad	NA	NA	NA	NA	NA	NA	NA	NA	NA
MSapaaaav	NA	NA	NA	NA	NA	NA	NA	NA	NA
MSapaaap	NA	NA	NA	NA	NA	NA	NA	NA	NA
MSapaap	69	72.5	NA	76	75.4	75.4	66.5	79	NA
MSapaapa	NA	NA	NA	NA	NA	NA	NA	NA	NA
MSapaapp	NA	NA	NA	NA	NA	NA	NA	NA	NA
MSapap	39	38.1	44.4	41.2	45	42.1	39.8	37.9	40.4
MSapapa	49	49.7	52.2	52.9	48.5	49.4	48.2	48.9	48
MSapapaa	199	NA	NA	NA	NA	NA	NA	NA	NA
MSapapaaa	NA	NA	NA	NA	NA	NA	NA	NA	NA
MSapapaap	NA	NA	NA	NA	NA	NA	NA	NA	NA
MSapapap	NA	NA	NA	NA	NA	NA	NA	NA	NA
MSapapp	59	55.9	60.6	60.3	54.9	59.2	59.9	56.7	54.2
MSapappa	NA	NA	NA	NA	NA	NA	NA	NA	NA
MSapappp	NA	NA	NA	NA	NA	NA	NA	NA	NA
MSapp	34	34.2	33.8	33.4	35.2	32.6	32.2	34.4	34.4
MSappa	44	46.3	44.4	43.6	45	46.9	43.1	41.7	42.2
MSappaa	64	64.2	NA	71	66.4	63.5	66.4	72.3	60.6
MSappaaa	NA	NA	NA	NA	NA	NA	NA	NA	NA
MSappaap	NA	NA	NA	NA	NA	NA	NA	NA	NA
MSappap	74	70.5	NA	91.8	76.6	78.1	74.7	75	NA
MSappapa	NA	NA	NA	NA	NA	NA	NA	NA	NA
MSappapp	NA	NA	NA	NA	NA	NA	NA	NA	NA
MSappp	47	54.6	55.9	61.2	57.8	58.9	46.4	49.6	50.6
MSapppa	61	60.1	NA	63.4	56.3	61.9	61.5	60.6	NA
MSapppaa	NA	NA	NA	NA	NA	NA	NA	NA	NA
MSapppap	NA	NA	NA	NA	NA	NA	NA	NA	NA
MSapppp	61	62.2	NA	81.7	61.4	66.7	67.9	69.2	NA
MSappppa	NA	NA	NA	NA	NA	NA	NA	NA	NA
MSappppp	NA	NA	NA	NA	NA	NA	NA	NA	NA
MSp	26	19.3	21.1	15.7	19.1	20	20.4	20.1	21.5
MSpa	25	25.7	24.1	22.2	26.2	25	25.5	26.3	28.1
MSpaa	32	32.1	33.9	28.6	33.8	34.3	32.3	32.3	32.4
MSpaaa	35	34.1	35.8	34.9	36.2	34	34.9	34.2	34.1
MSpaaaa	47	45.5	42.7	42.2	40.9	41.2	39.8	43	39.6
MSpaaaaa	99	98.6	NA	98.7	90.8	92.7	95.3	102.9	NA
MSpaaaaaa	NA	NA	NA	NA	NA	NA	NA	NA	NA
MSpaaaaap	NA	NA	NA	NA	NA	NA	NA	NA	NA
MSpaaaap	59	54.8	NA	54.8	48.5	50.4	54.3	49.7	NA
MSpaaaapa	NA	NA	NA	NA	NA	NA	NA	NA	NA
MSpaaaapp	NA	NA	NA	NA	NA	NA	NA	NA	NA
MSpaaap	52	53.8	45.5	45.8	48.5	41.2	43.2	44.9	41.6
MSpaaapa	84	88.2	NA	77.8	81.9	79.7	88.8	87.1	NA
MSpaaapaa	NA	NA	NA	NA	NA	NA	NA	NA	NA
MSpaaapap	NA	NA	NA	NA	NA	NA	NA	NA	NA
MSpaaapp	64	54.8	NA	52.2	51.1	52	52.6	53.6	NA
MSpaaappa	NA	NA	NA	NA	NA	NA	NA	NA	NA
MSpaaappp	NA	NA	NA	NA	NA	NA	NA	NA	NA
MSpaap	43	44.5	40	42.3	46.5	43.7	46.6	40	42.5
MSpaapa	56	45.5	43.9	43.3	40.8	42.9	41.6	42.9	45.9
MSpaapaa	77	71.5	NA	84.1	79.5	83	85.4	77.3	NA
MSpaapaaa	NA	NA	NA	NA	NA	NA	NA	NA	NA
MSpaapaap	NA	NA	NA	NA	NA	NA	NA	NA	NA
MSpaapap	57	54.8	NA	59.7	55.1	53.7	57.5	53.6	NA
MSpaapapa	NA	NA	NA	NA	NA	NA	NA	NA	NA
MSpaapapp	NA	NA	NA	NA	NA	NA	NA	NA	NA
MSpaapp	NA	NA	NA	NA	NA	NA	NA	NA	NA
MSpap	32	32.1	32.4	29.8	35	34.3	34	32.3	34.5
MSpapa	35	34.1	37.2	31.1	33.6	34	31.5	32.2	32
MSpapaa	61	43.4	45.5	46	40.7	41.2	43.4	42.9	43.7
MSpapaaa	35	63	NA	62.1	63.9	56.9	60.9	63.4	NA
MSpapaaaa	NA	NA	NA	NA	NA	NA	NA	NA	NA
MSpapaaap	NA	NA	NA	NA	NA	NA	NA	NA	NA
MSpapaap	30	60.9	NA	56	52.4	50.4	54.3	53.5	NA
MSpapaapa	109	NA	NA	NA	NA	NA	NA	NA	NA
MSpapaapaa	NA	NA	NA	NA	NA	NA	NA	NA	NA
MSpapaapap	NA	NA	NA	NA	NA	NA	NA	NA	NA
MSpapaapp	NA	NA	NA	NA	NA	NA	NA	NA	NA
MSpapap	57	43.4	47	46	44.6	47.8	46.7	42.9	52.1
MSpapapa	114	98.6	NA	103.6	NA	105.7	106.8	83.2	NA
MSpapapaa	NA	NA	NA	NA	NA	NA	NA	NA	NA
MSpapapap	NA	NA	NA	NA	NA	NA	NA	NA	NA
MSpapapp	49	56.9	NA	60.9	60.1	58.5	54.4	55.5	NA
MSpapappa	NA	NA	NA	NA	NA	NA	NA	NA	NA
MSpapappp	NA	NA	NA	NA	NA	NA	NA	NA	NA
MSpapp	46	44.5	44.4	39.9	51.4	45.4	43.1	43.8	42.5
MSpappa	76	70.3	NA	67.7	67.7	77.2	79.5	68.5	NA
MSpappaa	NA	NA	NA	NA	NA	NA	NA	NA	NA
MSpappap	NA	NA	NA	NA	NA	NA	NA	NA	NA
MSpappp	76	66.3	NA	68.9	65.1	67.4	69.7	60.6	60.6
MSpapppa	74	NA	NA	NA	NA	83	96.8	99.1	NA
MSpapppaa	NA	NA	NA	NA	NA	NA	NA	NA	NA
MSpapppap	NA	NA	NA	NA	NA	NA	NA	NA	NA
MSpapppp	89	NA	NA	NA	NA	NA	109.9	NA	NA
MSpappppa	NA	NA	NA	NA	NA	NA	NA	NA	NA
MSpappppp	NA	NA	NA	NA	NA	NA	NA	NA	NA
MSpp	27	27.9	27.1	24.8	28.7	28.3	28.9	28.4	28.1
MSppa	34	32.1	32.4	27.2	33.9	32.6	32.2	32.3	34.5
MSppaa	39	38.2	41.6	39.9	41.2	38.8	39.8	39.9	40.4
MSppaaa	49	47.6	49.5	47	46	47.8	48.2	45	43.7
MSppaaaa	124	NA	NA	NA	NA	NA	NA	NA	NA
MSppaaaad	NA	NA	NA	NA	NA	NA	NA	NA	NA
MSppaaaav	NA	NA	NA	NA	NA	NA	NA	NA	NA
MSppaaap	NA	NA	NA	NA	NA	NA	NA	NA	NA
MSppaap	69	70.5	NA	64	67.7	72.2	74.7	66.5	66.8
MSppaapa	NA	NA	NA	NA	NA	NA	NA	NA	NA
MSppaapp	NA	NA	NA	NA	NA	NA	NA	NA	NA
MSppap	29	40.3	38.7	37.3	39.9	37.2	39.8	37.9	36.1
MSppapa	59	51.8	48.2	47	48.5	47.8	48.2	46.9	50.1
MSppapaa	199	NA	NA	NA	NA	NA	NA	NA	NA
MSppapaaa	NA	NA	NA	NA	NA	NA	NA	NA	NA
MSppapaap	NA	NA	NA	NA	NA	NA	NA	NA	NA
MSppapap	NA	NA	NA	NA	NA	NA	NA	NA	NA
MSppapp	69	60.1	58	55.5	63.8	54.4	56.6	54.7	56.5
MSppappa	NA	NA	NA	NA	NA	NA	NA	NA	NA
MSppappp	NA	NA	NA	NA	NA	NA	NA	NA	NA
MSppp	34	34.2	33.8	28.5	33.9	34.3	32.2	34.4	34.5
MSpppa	44	40.2	42.9	43.6	42.5	42.2	39.8	41.7	42.5
MSpppaa	67	66.3	NA	67.6	66.4	70.6	64.7	64.5	60.6
MSpppaaa	NA	NA	NA	NA	NA	NA	NA	NA	NA
MSpppaap	NA	NA	NA	NA	NA	NA	NA	NA	NA
MSpppap	74	72.5	NA	72.4	70.2	77.2	77.8	72.3	NA
MSpppapa	NA	NA	NA	NA	NA	NA	NA	NA	NA
MSpppapp	NA	NA	NA	NA	NA	NA	NA	NA	NA
MSpppp	44	46.3	54.5	49.9	54	49.2	51.5	45.7	50.7
MSppppa	64	60.1	NA	57.7	58.8	63.4	59.7	66.5	56.5
MSppppaa	NA	NA	NA	NA	NA	NA	NA	NA	NA
MSppppap	NA	NA	NA	NA	NA	NA	NA	NA	NA
MSppppp	64	66.3	NA	69.8	62.6	70	63	68.5	NA
MSpppppa	NA	NA	NA	NA	NA	NA	NA	NA	NA
MSpppppp	NA	NA	NA	NA	NA	NA	NA	NA	NA
P	NA	NA	NA	NA	NA	NA	NA	NA	NA
P0	NA	NA	NA	NA	NA	NA	NA	NA	NA
P1	NA	NA	NA	NA	16.2	NA	NA	NA	NA
P2	25	NA	NA	NA	19	18.4	NA	NA	NA
P3	32	14.9	25.5	NA	26.1	25.2	NA	NA	23.7
P4	66	68.6	71.8	56.1	62.9	75.8	64.6	60.6	62.8
Z2	NA	NA	NA	NA	NA	NA	NA	NA	NA
Z3	NA	NA	NA	NA	NA	NA	NA	NA	NA
